airline,from,to,route,price,duration_in_min,stops,class_category,day,month,dep_hour,arr_hour
IndiGo,Mumbai,Kolkata,Mumbai-Chennai,5815.306900924184,149.334466490586,0,Economy,16,7,11,21
GoAir,Mumbai,Chennai,Delhi-Hyderabad,7162.6085306568275,60.0,1,Economy,5,9,13,19
Vistara,Mumbai,Bangalore,Delhi-Mumbai,4929.115360221401,154.60771029950777,1,Economy,15,11,13,9
GoAir,Mumbai,Mumbai,Delhi-Hyderabad,6554.334898425289,161.5904819178853,0,Economy,13,3,7,12
GoAir,Delhi,Hyderabad,Delhi-Bangalore,5515.311343392886,110.93458239052136,1,Economy,13,5,22,11
AirAsia,Delhi,Hyderabad,Mumbai-Kolkata,7375.502324965837,60.0,0,Economy,13,10,4,14
Vistara,Delhi,Mumbai,Mumbai-Kolkata,7594.012282534494,109.16068314098129,2,Economy,15,8,18,6
Vistara,Delhi,Mumbai,Delhi-Bangalore,5386.674729773322,118.07447516133543,0,Business,14,12,13,21
Vistara,Mumbai,Bangalore,Mumbai-Chennai,5560.3542912731355,89.6820534021326,0,Economy,8,1,8,20
GoAir,Delhi,Chennai,Mumbai-Chennai,6687.670309583841,104.54344818575271,0,Economy,11,8,6,12
IndiGo,Delhi,Hyderabad,Mumbai-Kolkata,5690.295480168388,165.90585596590054,1,Economy,18,7,7,11
Vistara,Mumbai,Bangalore,Mumbai-Kolkata,5963.671025654209,139.94781486905222,0,Economy,24,1,13,11
GoAir,Delhi,Chennai,Delhi-Mumbai,6020.3107364339285,92.26307656865701,0,Economy,4,10,21,1
AirAsia,Delhi,Bangalore,Mumbai-Chennai,4464.261475041875,72.07202491213704,0,Economy,26,12,13,4
IndiGo,Mumbai,Hyderabad,Delhi-Bangalore,5988.92980312461,110.18948047170687,2,Business,10,10,10,1
AirAsia,Delhi,Mumbai,Mumbai-Chennai,5448.2177807486605,113.59629661948686,0,Economy,31,12,13,22
IndiGo,Delhi,Mumbai,Delhi-Mumbai,5605.501742080182,134.8859756208995,0,Economy,1,6,20,19
GoAir,Delhi,Chennai,Mumbai-Kolkata,7154.905602775051,103.94049862297022,1,Economy,29,1,7,12
SpiceJet,Delhi,Kolkata,Mumbai-Kolkata,4994.794484576595,135.34498726085585,0,Economy,5,2,2,2
IndiGo,Mumbai,Chennai,Delhi-Mumbai,6650.564149398382,178.05462120180687,2,Economy,13,5,22,10
AirAsia,Delhi,Kolkata,Delhi-Bangalore,5776.829655734553,144.46503067332787,0,Economy,1,2,17,15
GoAir,Delhi,Bangalore,Mumbai-Kolkata,5776.191865203333,118.55734478007682,1,Economy,23,10,2,0
IndiGo,Mumbai,Bangalore,Delhi-Hyderabad,6632.297516841369,114.50548586840117,0,Economy,8,1,12,18
SpiceJet,Delhi,Hyderabad,Mumbai-Kolkata,6272.041035655112,109.29980597460386,0,Economy,3,6,11,10
SpiceJet,Delhi,Kolkata,Delhi-Hyderabad,6456.490397775625,155.41922737356433,1,Economy,3,8,14,8
Vistara,Delhi,Hyderabad,Delhi-Mumbai,6774.547728426289,101.18059662146092,0,Economy,7,8,17,13
Vistara,Delhi,Mumbai,Delhi-Mumbai,5734.953293453342,121.35668126999947,1,Economy,4,8,4,8
AirAsia,Delhi,Kolkata,Mumbai-Kolkata,5510.2106123938,121.53593705643256,0,Economy,3,11,6,6
IndiGo,Mumbai,Chennai,Mumbai-Chennai,5131.879578753762,104.94647421565404,0,Economy,15,6,10,15
IndiGo,Delhi,Mumbai,Delhi-Hyderabad,5339.671576016836,78.82603356347697,0,Economy,8,11,10,2
Vistara,Delhi,Mumbai,Delhi-Bangalore,8359.27554024698,129.68923510853006,2,Economy,3,3,14,18
IndiGo,Delhi,Chennai,Mumbai-Kolkata,6995.7436645894295,118.1698808443385,0,Economy,29,1,9,3
IndiGo,Delhi,Mumbai,Delhi-Bangalore,4919.140507033583,135.0072140830971,0,Economy,30,2,14,6
SpiceJet,Mumbai,Kolkata,Mumbai-Kolkata,4942.033634605144,103.99199080682499,0,Economy,7,5,12,22
Vistara,Mumbai,Hyderabad,Mumbai-Chennai,6385.492849374793,156.62463896439144,0,Economy,18,10,13,11
GoAir,Delhi,Mumbai,Mumbai-Chennai,6437.811837902374,93.69678656364465,0,Economy,11,5,16,17
Vistara,Delhi,Kolkata,Mumbai-Chennai,6439.107068253891,171.36120852053676,2,Economy,11,10,12,4
GoAir,Mumbai,Bangalore,Mumbai-Chennai,5796.035365157041,67.57090470515216,0,Economy,17,1,9,22
SpiceJet,Delhi,Kolkata,Delhi-Mumbai,5899.63659199768,133.04310193670673,1,Business,28,1,0,22
AirAsia,Delhi,Hyderabad,Delhi-Mumbai,6262.303619327486,134.2629204757987,0,Economy,6,9,0,21
IndiGo,Mumbai,Kolkata,Delhi-Hyderabad,6068.714405034664,96.13328796177353,1,Economy,8,2,14,9
SpiceJet,Delhi,Chennai,Delhi-Bangalore,4224.559701801972,132.73181813583037,2,Business,1,7,15,11
IndiGo,Mumbai,Hyderabad,Mumbai-Kolkata,5816.160295539845,158.38556009280475,0,Economy,29,10,11,7
AirAsia,Delhi,Bangalore,Mumbai-Kolkata,5318.874852591749,60.0,2,Economy,10,4,23,18
AirAsia,Mumbai,Chennai,Delhi-Mumbai,6140.16913512681,135.08234422472444,0,Economy,28,7,5,14
SpiceJet,Mumbai,Kolkata,Mumbai-Kolkata,8388.207202082727,60.0,2,Economy,25,8,5,0
AirAsia,Mumbai,Hyderabad,Delhi-Mumbai,6293.985332379443,91.03005589430376,1,Business,31,5,11,2
GoAir,Mumbai,Bangalore,Delhi-Hyderabad,5749.176251062082,168.87499094702835,0,Economy,19,12,14,17
AirAsia,Mumbai,Chennai,Delhi-Bangalore,6737.441201581802,102.54653899823838,0,Economy,3,12,3,17
IndiGo,Delhi,Bangalore,Delhi-Hyderabad,6386.15030976737,84.78360106773083,0,Economy,4,1,23,1
IndiGo,Mumbai,Kolkata,Mumbai-Chennai,6336.075592361473,114.06186813045954,0,Economy,11,4,3,4
IndiGo,Delhi,Bangalore,Mumbai-Chennai,6485.480474572537,182.03719014490656,0,Economy,15,10,1,0
IndiGo,Delhi,Mumbai,Mumbai-Chennai,7645.234851863634,65.04953258381921,0,Economy,1,3,23,9
GoAir,Delhi,Chennai,Delhi-Hyderabad,5095.2892517392675,88.46070265081967,0,Economy,9,10,11,19
Vistara,Delhi,Bangalore,Mumbai-Kolkata,6378.905661449164,164.9229504953888,1,Economy,11,12,6,9
SpiceJet,Mumbai,Kolkata,Delhi-Bangalore,5258.8950960147695,175.73107030613198,0,Economy,19,5,19,4
IndiGo,Delhi,Kolkata,Mumbai-Chennai,6444.410117073799,116.89706327129149,0,Economy,13,10,8,17
AirAsia,Mumbai,Bangalore,Mumbai-Chennai,5265.050790811125,82.82841892420073,1,Economy,26,10,8,20
IndiGo,Delhi,Kolkata,Mumbai-Chennai,5666.1065491159325,182.87530505427478,0,Economy,16,6,7,14
AirAsia,Delhi,Hyderabad,Delhi-Bangalore,5763.928068609675,167.8332717524759,0,Economy,4,2,13,19
AirAsia,Delhi,Hyderabad,Mumbai-Chennai,6780.6533754757675,140.36840963286699,0,Business,1,7,0,7
IndiGo,Delhi,Hyderabad,Delhi-Bangalore,6734.763555153931,95.6279295318774,2,Economy,20,3,22,16
GoAir,Mumbai,Mumbai,Mumbai-Chennai,5003.426098842892,118.5291197748589,1,Economy,13,1,20,11
AirAsia,Delhi,Bangalore,Delhi-Hyderabad,6043.947288799879,115.18919756865509,0,Economy,1,10,22,20
AirAsia,Delhi,Mumbai,Delhi-Hyderabad,5432.336116200662,129.92553913846734,1,Business,5,3,11,11
IndiGo,Mumbai,Kolkata,Delhi-Bangalore,4993.196071459733,163.53004314394008,0,Economy,5,9,1,0
AirAsia,Mumbai,Mumbai,Delhi-Hyderabad,5826.386359660503,146.3825112341221,1,Economy,14,10,12,3
AirAsia,Delhi,Kolkata,Delhi-Bangalore,5753.213769235344,87.67871769045725,1,Economy,27,11,3,7
IndiGo,Delhi,Kolkata,Delhi-Hyderabad,7941.3731890764175,161.29489350058614,1,Business,23,11,19,0
IndiGo,Delhi,Chennai,Delhi-Hyderabad,6346.367860288557,129.39396420039466,0,Economy,14,6,17,14
SpiceJet,Delhi,Hyderabad,Delhi-Bangalore,4897.90599939661,140.6119738757675,0,Economy,8,11,18,17
GoAir,Mumbai,Kolkata,Mumbai-Kolkata,5548.180796663246,163.99622577835808,0,Business,4,6,15,0
GoAir,Mumbai,Chennai,Delhi-Hyderabad,6817.106636343518,86.65259251459347,1,Economy,7,4,13,10
AirAsia,Mumbai,Hyderabad,Mumbai-Chennai,7670.7542182959405,118.92523263880611,0,Economy,20,8,7,22
GoAir,Delhi,Kolkata,Mumbai-Kolkata,4731.213350209633,104.05636345922355,1,Economy,19,5,11,1
AirAsia,Delhi,Kolkata,Delhi-Bangalore,4496.060491888764,72.96421723903633,2,Business,15,7,8,0
SpiceJet,Delhi,Mumbai,Mumbai-Kolkata,7496.772140297426,130.4012993281476,0,Economy,22,9,5,11
IndiGo,Delhi,Mumbai,Delhi-Mumbai,6311.691341896723,195.3466965475327,1,Business,4,5,17,15
IndiGo,Mumbai,Hyderabad,Delhi-Mumbai,5305.365814498907,64.79766766482742,1,Economy,30,11,1,21
IndiGo,Delhi,Kolkata,Delhi-Hyderabad,6427.703268897948,119.03158166851588,2,Economy,19,5,22,21
GoAir,Delhi,Bangalore,Delhi-Hyderabad,3891.401808786498,139.21628805224321,2,Business,31,4,7,9
SpiceJet,Mumbai,Mumbai,Mumbai-Chennai,6002.700405277728,123.69234604968544,1,Economy,31,6,23,17
GoAir,Delhi,Hyderabad,Mumbai-Kolkata,6262.256938274468,116.60615842452779,0,Economy,9,2,13,14
GoAir,Delhi,Kolkata,Delhi-Mumbai,6739.416111630264,81.02350909662528,1,Economy,21,3,5,16
SpiceJet,Mumbai,Kolkata,Delhi-Hyderabad,5188.8832381659695,126.9836022882049,0,Economy,13,1,9,9
SpiceJet,Delhi,Bangalore,Mumbai-Kolkata,6068.5497291226875,97.2970806895222,1,Economy,14,2,7,2
SpiceJet,Delhi,Hyderabad,Delhi-Hyderabad,5259.6602991523305,60.0,2,Economy,23,2,16,20
SpiceJet,Mumbai,Kolkata,Delhi-Hyderabad,6204.307004539453,155.8377666154119,0,Economy,28,8,11,15
IndiGo,Mumbai,Mumbai,Delhi-Mumbai,5283.722942109581,148.75157459526127,1,Economy,14,8,16,5
Vistara,Delhi,Bangalore,Delhi-Mumbai,5673.519328671823,121.5498293055324,0,Economy,22,2,12,2
Vistara,Delhi,Hyderabad,Delhi-Hyderabad,5203.347684167817,126.87224064617108,0,Business,10,6,18,8
SpiceJet,Mumbai,Bangalore,Delhi-Bangalore,6520.908993458926,152.22954038146685,0,Economy,16,5,11,10
Vistara,Delhi,Mumbai,Delhi-Hyderabad,6686.760893325332,126.73018970334248,1,Economy,31,3,15,20
Vistara,Delhi,Hyderabad,Delhi-Hyderabad,5812.303544034069,147.12052664283942,2,Economy,5,5,4,12
SpiceJet,Mumbai,Bangalore,Mumbai-Chennai,6030.590395968023,111.0755339737845,2,Economy,23,5,15,17
Vistara,Delhi,Chennai,Mumbai-Chennai,4841.126868293165,159.3595121572184,0,Economy,27,5,5,21
GoAir,Mumbai,Mumbai,Mumbai-Chennai,5760.258681594571,129.62357177798052,1,Economy,6,3,10,23
AirAsia,Delhi,Mumbai,Delhi-Bangalore,5959.836306366604,125.82155830817622,1,Business,26,3,16,21
AirAsia,Mumbai,Mumbai,Delhi-Bangalore,8096.63447282398,81.89816733863904,0,Business,2,4,22,3
SpiceJet,Delhi,Chennai,Delhi-Hyderabad,5110.4263793806695,128.60867562905125,0,Economy,13,7,13,21
IndiGo,Delhi,Chennai,Mumbai-Chennai,7171.34179100195,95.04135247516646,0,Business,29,12,5,23
SpiceJet,Delhi,Kolkata,Delhi-Bangalore,6797.4870187726465,100.85151820414518,2,Economy,13,12,22,7
IndiGo,Delhi,Bangalore,Delhi-Mumbai,6224.509123592109,95.53873115051636,1,Economy,19,12,10,12
AirAsia,Mumbai,Kolkata,Delhi-Hyderabad,7406.896387356107,88.01295204302325,1,Business,18,2,11,9
SpiceJet,Mumbai,Bangalore,Mumbai-Kolkata,6297.684378085491,183.74314209050885,0,Economy,28,10,12,1
GoAir,Delhi,Chennai,Delhi-Hyderabad,6311.327356534343,159.94017185965208,1,Economy,19,4,3,7
Vistara,Delhi,Chennai,Mumbai-Kolkata,5957.503477585964,177.61102506432783,0,Economy,1,4,6,5
IndiGo,Delhi,Kolkata,Mumbai-Chennai,6978.855105934902,83.31314941333308,0,Economy,8,1,1,15
Vistara,Mumbai,Hyderabad,Mumbai-Kolkata,6877.175387048707,122.13761249732677,1,Economy,22,10,5,17
Vistara,Mumbai,Kolkata,Mumbai-Chennai,5499.45817000303,81.19477124387713,0,Economy,16,8,5,16
SpiceJet,Delhi,Bangalore,Delhi-Mumbai,4944.602244320986,99.12915368408808,1,Business,29,1,17,5
Vistara,Mumbai,Kolkata,Mumbai-Kolkata,5837.6154900834745,92.45619049750276,0,Economy,2,8,19,12
GoAir,Delhi,Mumbai,Delhi-Hyderabad,5359.969148481883,157.18752019324685,1,Economy,8,7,7,22
Vistara,Mumbai,Bangalore,Mumbai-Chennai,5949.180340307716,108.1131096569472,0,Economy,6,9,7,13
SpiceJet,Mumbai,Bangalore,Delhi-Hyderabad,6989.950507747311,152.05138001082048,0,Economy,16,8,7,20
GoAir,Mumbai,Hyderabad,Delhi-Bangalore,5634.158675930568,138.12362668765553,0,Economy,23,5,7,9
AirAsia,Mumbai,Chennai,Mumbai-Chennai,5965.74129495074,189.10916256314366,0,Economy,11,8,0,23
Vistara,Delhi,Bangalore,Mumbai-Kolkata,6046.418187846716,75.61667330580828,2,Business,17,11,1,10
SpiceJet,Delhi,Chennai,Mumbai-Chennai,6678.744705764228,157.77699719360396,0,Business,23,10,11,12
AirAsia,Delhi,Kolkata,Delhi-Hyderabad,4202.4885328123155,154.39322611202184,1,Economy,19,12,14,11
AirAsia,Delhi,Mumbai,Delhi-Mumbai,5514.639764187763,90.79863485918897,2,Business,11,12,3,8
IndiGo,Delhi,Hyderabad,Mumbai-Chennai,6169.026953823578,150.2140000941948,0,Economy,28,3,2,3
GoAir,Delhi,Chennai,Mumbai-Kolkata,6960.063165141489,130.08434889078686,0,Economy,8,10,13,6
Vistara,Mumbai,Bangalore,Delhi-Bangalore,5606.478041995036,113.17571220139777,1,Economy,22,7,21,23
SpiceJet,Delhi,Chennai,Delhi-Mumbai,4498.757835166501,95.28193539084,2,Economy,4,12,22,21
IndiGo,Mumbai,Bangalore,Delhi-Bangalore,6495.769156772909,98.42671645652442,2,Economy,11,4,7,1
GoAir,Mumbai,Chennai,Mumbai-Chennai,5491.710088939497,181.49436287357778,0,Economy,8,5,12,6
IndiGo,Delhi,Bangalore,Delhi-Hyderabad,5048.266672727711,120.02048456872448,1,Economy,9,9,22,8
GoAir,Mumbai,Kolkata,Delhi-Hyderabad,5500.523688229421,143.46390004594377,0,Business,26,7,18,4
GoAir,Delhi,Bangalore,Mumbai-Kolkata,5852.379713875321,96.2730185499734,2,Economy,2,4,21,14
Vistara,Delhi,Bangalore,Delhi-Hyderabad,5516.20426836943,96.60441161335083,2,Economy,16,6,4,17
GoAir,Delhi,Mumbai,Delhi-Mumbai,4235.547154320745,152.45954427749825,0,Economy,31,10,12,3
IndiGo,Delhi,Bangalore,Delhi-Hyderabad,6717.652957509706,79.51271365345403,0,Economy,6,11,19,18
GoAir,Mumbai,Mumbai,Mumbai-Kolkata,7019.900033022977,107.54358696284186,0,Economy,21,7,0,19
Vistara,Mumbai,Hyderabad,Mumbai-Chennai,6521.217593071605,121.02082233216696,0,Economy,21,10,15,6
Vistara,Delhi,Mumbai,Mumbai-Chennai,5089.851463660147,123.34117805520157,1,Economy,26,9,22,7
IndiGo,Delhi,Kolkata,Delhi-Hyderabad,5838.806772841986,114.62720144951531,0,Economy,27,4,23,16
AirAsia,Mumbai,Mumbai,Delhi-Bangalore,5994.782947816434,131.8745934328777,0,Economy,19,10,1,12
AirAsia,Mumbai,Hyderabad,Mumbai-Chennai,6479.035511649528,140.78567267453434,0,Economy,28,3,6,23
GoAir,Mumbai,Kolkata,Delhi-Hyderabad,6534.672390974465,142.0391263637799,2,Economy,8,8,5,20
SpiceJet,Delhi,Chennai,Mumbai-Kolkata,5412.660960977203,90.4258857399652,1,Economy,14,1,4,22
GoAir,Delhi,Chennai,Delhi-Hyderabad,6065.596445130848,111.47534706213608,0,Economy,24,9,3,10
IndiGo,Delhi,Mumbai,Mumbai-Chennai,6365.824323692193,155.84288585630813,0,Economy,16,1,1,0
IndiGo,Delhi,Mumbai,Mumbai-Kolkata,7164.657857717413,146.83941562721617,2,Economy,12,2,9,1
IndiGo,Delhi,Hyderabad,Delhi-Hyderabad,6563.6052318597785,78.81421645556809,1,Economy,5,8,21,16
IndiGo,Mumbai,Hyderabad,Delhi-Mumbai,6631.245349900415,130.54439701056606,0,Economy,24,9,4,4
IndiGo,Mumbai,Bangalore,Mumbai-Kolkata,6067.061302343489,60.65324251875569,0,Economy,26,7,17,5
Vistara,Mumbai,Hyderabad,Delhi-Mumbai,7128.367316162803,121.40804706181109,0,Economy,31,3,9,23
AirAsia,Delhi,Bangalore,Delhi-Bangalore,6327.810236767598,176.93301050237932,0,Economy,24,7,22,6
IndiGo,Mumbai,Kolkata,Mumbai-Kolkata,5311.129671861144,91.5632184819304,0,Business,19,6,21,20
SpiceJet,Delhi,Mumbai,Delhi-Mumbai,7122.695976100153,94.97030863525254,2,Business,18,2,14,14
SpiceJet,Delhi,Kolkata,Mumbai-Chennai,6558.322618031222,142.9208934471858,0,Economy,9,3,8,18
SpiceJet,Mumbai,Hyderabad,Mumbai-Chennai,5645.564783097214,73.71595454371062,1,Economy,2,11,10,15
SpiceJet,Delhi,Kolkata,Delhi-Bangalore,5616.4056260806055,101.01734910344882,0,Economy,25,12,20,12
Vistara,Delhi,Kolkata,Mumbai-Kolkata,6237.26043611261,137.8932341274526,1,Business,20,10,16,4
SpiceJet,Mumbai,Kolkata,Mumbai-Kolkata,6370.5478362140675,100.9714245693179,1,Business,12,10,20,2
IndiGo,Delhi,Hyderabad,Mumbai-Kolkata,6157.833812504965,112.92090038367085,0,Economy,29,12,8,2
GoAir,Delhi,Kolkata,Delhi-Bangalore,6249.046938754308,142.32557130945105,0,Economy,2,5,22,18
SpiceJet,Delhi,Bangalore,Mumbai-Kolkata,7359.965899661104,132.64638250609684,1,Economy,10,10,15,13
Vistara,Delhi,Hyderabad,Mumbai-Chennai,6857.234521787908,128.00455188886207,0,Economy,1,4,5,15
Vistara,Delhi,Kolkata,Delhi-Mumbai,6152.50847301202,109.82633162189883,0,Economy,4,2,21,21
SpiceJet,Delhi,Hyderabad,Mumbai-Chennai,6753.048464613987,131.10183345806865,0,Economy,25,4,10,16
GoAir,Mumbai,Chennai,Mumbai-Chennai,5173.980877177968,116.2880195970073,2,Business,12,12,22,3
SpiceJet,Mumbai,Bangalore,Delhi-Mumbai,6318.341639957447,133.73416829777355,0,Economy,9,8,16,12
Vistara,Delhi,Kolkata,Mumbai-Chennai,7447.445079786488,105.09203924646066,1,Economy,4,5,3,7
AirAsia,Delhi,Chennai,Delhi-Bangalore,5825.5632836861005,114.52293076861376,0,Business,9,5,14,18
IndiGo,Delhi,Chennai,Delhi-Mumbai,5321.892857104732,90.30126622343958,1,Business,31,12,0,4
Vistara,Delhi,Hyderabad,Mumbai-Chennai,5478.3288891255515,118.94977169981293,0,Economy,28,12,21,1
SpiceJet,Delhi,Chennai,Delhi-Hyderabad,5128.293570126089,95.66997409113466,1,Economy,6,10,19,14
IndiGo,Delhi,Bangalore,Mumbai-Chennai,5372.190473497837,86.5786064951402,0,Economy,1,3,0,1
SpiceJet,Mumbai,Bangalore,Delhi-Bangalore,5703.593521127977,127.75983443566165,1,Economy,10,8,8,10
SpiceJet,Delhi,Mumbai,Mumbai-Kolkata,4875.5463846570865,126.3821932757298,1,Business,29,6,11,12
AirAsia,Delhi,Bangalore,Mumbai-Chennai,6012.494667159683,143.48621204845716,0,Business,14,2,3,22
IndiGo,Delhi,Chennai,Mumbai-Kolkata,6721.8217390293175,107.06623291274703,0,Economy,22,2,21,9
IndiGo,Mumbai,Bangalore,Delhi-Hyderabad,5273.795055882464,132.24158540510268,0,Economy,25,9,12,2
AirAsia,Delhi,Hyderabad,Mumbai-Chennai,7215.427138913415,136.5239271682099,0,Economy,29,7,6,4
Vistara,Delhi,Mumbai,Delhi-Mumbai,6408.633670822076,133.34321423494785,1,Business,18,10,7,2
SpiceJet,Delhi,Chennai,Mumbai-Kolkata,6824.464468499245,95.23038951593574,0,Economy,6,9,12,5
GoAir,Delhi,Mumbai,Delhi-Hyderabad,5473.73235691829,124.48090446813566,0,Economy,18,6,10,12
SpiceJet,Delhi,Chennai,Delhi-Mumbai,6683.620181653293,130.92420888163983,1,Economy,20,5,8,9
SpiceJet,Delhi,Hyderabad,Delhi-Mumbai,5126.452879683749,120.21535400723826,0,Economy,16,12,23,18
Vistara,Mumbai,Mumbai,Delhi-Mumbai,6712.1980006692065,60.0,0,Economy,15,1,15,7
SpiceJet,Delhi,Kolkata,Delhi-Mumbai,6137.471471834825,124.8146887192044,0,Economy,16,12,9,17
AirAsia,Delhi,Chennai,Mumbai-Chennai,6442.600975987827,186.37593118191728,2,Business,8,6,10,2
AirAsia,Delhi,Kolkata,Mumbai-Chennai,5059.524315500119,109.19882193729052,1,Business,13,6,11,23
IndiGo,Mumbai,Mumbai,Mumbai-Chennai,5283.944126178716,98.15768706434037,1,Economy,23,3,13,23
GoAir,Delhi,Kolkata,Delhi-Hyderabad,6477.782574602707,131.20045679134194,0,Economy,11,3,18,16
SpiceJet,Mumbai,Kolkata,Delhi-Hyderabad,5241.321596620639,129.37134631399715,1,Economy,28,3,11,7
SpiceJet,Delhi,Mumbai,Delhi-Hyderabad,6370.565033679299,155.78205496249245,0,Economy,29,3,17,9
Vistara,Mumbai,Hyderabad,Delhi-Bangalore,4906.289754831803,82.26395532273337,0,Economy,25,7,20,1
AirAsia,Delhi,Kolkata,Delhi-Hyderabad,6678.539370133334,141.94140757724978,0,Business,7,10,16,11
GoAir,Delhi,Kolkata,Mumbai-Chennai,5013.9813481851925,137.7126618375439,0,Economy,17,11,2,22
IndiGo,Delhi,Hyderabad,Mumbai-Chennai,6441.839950143619,115.73560389178363,0,Economy,18,2,0,5
AirAsia,Delhi,Kolkata,Delhi-Bangalore,6500.504746916801,130.1606195376507,0,Business,22,10,18,1
IndiGo,Delhi,Kolkata,Delhi-Bangalore,5442.58254525634,150.88372444795073,0,Business,23,10,3,20
Vistara,Delhi,Kolkata,Delhi-Hyderabad,6465.621253667781,146.16946140085352,0,Economy,19,2,22,22
Vistara,Delhi,Bangalore,Mumbai-Kolkata,6208.353810666845,85.70942063778814,1,Economy,25,3,15,23
SpiceJet,Delhi,Hyderabad,Delhi-Bangalore,5568.9265150458095,144.60474560266454,0,Economy,13,10,11,2
GoAir,Mumbai,Kolkata,Delhi-Mumbai,5193.156252739033,118.05934184902446,1,Economy,15,12,20,16
IndiGo,Delhi,Hyderabad,Mumbai-Chennai,4429.899446661937,122.18622294046544,0,Economy,23,7,20,6
AirAsia,Delhi,Chennai,Delhi-Mumbai,6279.720037839755,122.19590973005083,1,Economy,30,3,12,20
Vistara,Mumbai,Chennai,Mumbai-Chennai,4748.157782910356,115.49271033605221,0,Business,22,7,16,4
SpiceJet,Mumbai,Kolkata,Mumbai-Chennai,6076.275359553047,155.75122491321196,0,Economy,29,9,7,22
SpiceJet,Delhi,Hyderabad,Delhi-Bangalore,5789.2414271342,117.48846120452365,0,Economy,22,11,12,0
IndiGo,Mumbai,Hyderabad,Delhi-Bangalore,6543.314220350557,86.41361614850494,1,Economy,1,10,19,7
Vistara,Delhi,Hyderabad,Delhi-Mumbai,5758.363600408109,108.19410432090814,1,Economy,29,12,4,11
GoAir,Mumbai,Bangalore,Mumbai-Chennai,5736.441770922327,125.36084150431427,0,Business,16,11,17,13
Vistara,Mumbai,Chennai,Delhi-Mumbai,6585.496563430636,156.87644352891152,0,Economy,5,4,14,15
IndiGo,Delhi,Hyderabad,Mumbai-Kolkata,6268.046423267294,138.092840548465,1,Economy,26,7,11,9
IndiGo,Delhi,Hyderabad,Delhi-Mumbai,6252.924765746223,94.48394163758869,1,Economy,3,9,16,14
Vistara,Delhi,Bangalore,Delhi-Hyderabad,6375.414071846821,194.55569750036673,0,Economy,23,8,14,20
IndiGo,Mumbai,Bangalore,Delhi-Mumbai,4771.542301434315,127.94325932933938,0,Economy,10,8,1,23
Vistara,Mumbai,Hyderabad,Delhi-Hyderabad,6605.430943989586,158.26172213997043,0,Economy,19,9,5,14
AirAsia,Mumbai,Mumbai,Delhi-Hyderabad,6489.975035210882,115.44856699268313,1,Economy,5,5,16,9
Vistara,Delhi,Hyderabad,Delhi-Hyderabad,5186.653497138802,136.00077734116348,0,Economy,7,5,15,20
Vistara,Mumbai,Hyderabad,Mumbai-Kolkata,5804.735621060639,145.18405513555214,2,Economy,14,3,16,6
IndiGo,Mumbai,Bangalore,Delhi-Mumbai,5968.554169897895,156.5458413526277,0,Business,3,5,19,2
IndiGo,Delhi,Bangalore,Delhi-Mumbai,5892.402572478614,151.72104916134674,0,Business,13,8,8,1
SpiceJet,Delhi,Hyderabad,Mumbai-Kolkata,6267.087973254827,146.16591000218935,0,Economy,13,12,4,5
SpiceJet,Delhi,Hyderabad,Mumbai-Chennai,7145.093425464946,110.54739806417675,2,Economy,10,5,22,20
AirAsia,Delhi,Hyderabad,Delhi-Bangalore,6865.413382138263,102.84761874131816,1,Economy,2,4,0,8
SpiceJet,Mumbai,Bangalore,Delhi-Mumbai,4950.224645254875,129.97822530972593,0,Economy,6,8,5,9
Vistara,Mumbai,Hyderabad,Delhi-Bangalore,6497.655992244839,147.99384217023209,1,Economy,8,7,23,3
IndiGo,Mumbai,Hyderabad,Mumbai-Kolkata,7063.146655628328,113.3183789767018,0,Business,4,6,13,2
SpiceJet,Mumbai,Kolkata,Mumbai-Chennai,6309.446816551362,151.9551589714316,0,Business,25,5,16,8
SpiceJet,Mumbai,Mumbai,Mumbai-Chennai,6872.7843401487735,163.57850236458538,0,Economy,12,5,18,23
AirAsia,Mumbai,Chennai,Mumbai-Chennai,7609.816356560612,92.5103724277974,0,Economy,28,10,0,21
AirAsia,Delhi,Mumbai,Mumbai-Kolkata,6818.967636885585,94.8923788861116,0,Business,15,2,0,16
Vistara,Mumbai,Kolkata,Delhi-Hyderabad,6199.446876513383,115.78874823283991,2,Economy,8,4,12,13
IndiGo,Delhi,Chennai,Delhi-Hyderabad,6836.070779267803,129.2283800456759,0,Economy,7,8,13,9
AirAsia,Mumbai,Hyderabad,Delhi-Bangalore,6115.910266477513,104.26298958698847,2,Economy,14,8,5,12
SpiceJet,Delhi,Kolkata,Delhi-Hyderabad,6019.122434627964,160.56608036601432,0,Economy,23,11,5,11
IndiGo,Delhi,Hyderabad,Delhi-Hyderabad,5718.868611429014,132.72200584555353,1,Economy,19,1,0,0
IndiGo,Delhi,Bangalore,Mumbai-Chennai,7250.730687065687,121.18341144722218,0,Economy,14,2,13,21
SpiceJet,Delhi,Kolkata,Mumbai-Chennai,5345.257067246399,76.92271428394417,0,Economy,22,5,2,18
AirAsia,Delhi,Bangalore,Delhi-Bangalore,7225.894179742493,80.52552550717479,0,Economy,13,9,22,18
SpiceJet,Delhi,Kolkata,Delhi-Mumbai,6399.891298992297,128.4302775084542,0,Economy,29,10,9,5
IndiGo,Delhi,Kolkata,Delhi-Bangalore,4880.555060158447,60.0,1,Economy,21,11,18,12
GoAir,Delhi,Bangalore,Delhi-Bangalore,6294.119434393137,150.37912228932214,0,Economy,1,12,18,18
GoAir,Delhi,Chennai,Mumbai-Kolkata,4319.9787938787,115.25538466883039,1,Economy,27,11,18,12
Vistara,Delhi,Mumbai,Mumbai-Kolkata,6500.406413464829,217.29278908784198,0,Business,19,7,22,21
SpiceJet,Delhi,Hyderabad,Delhi-Bangalore,6708.1851863911925,189.2374875184833,0,Economy,29,10,3,20
SpiceJet,Mumbai,Kolkata,Delhi-Bangalore,5526.115235478357,114.5565279225745,0,Economy,28,5,19,3
Vistara,Delhi,Hyderabad,Delhi-Bangalore,6098.838156764466,116.80988992406056,2,Business,1,1,18,23
Vistara,Delhi,Bangalore,Delhi-Hyderabad,7563.3259470002295,149.8674454200609,1,Economy,4,6,9,1
Vistara,Mumbai,Hyderabad,Mumbai-Kolkata,5595.402636590451,171.09517829754114,0,Economy,10,12,1,14
IndiGo,Mumbai,Bangalore,Delhi-Bangalore,5152.87393035472,70.85912827691949,0,Economy,3,8,3,11
SpiceJet,Delhi,Hyderabad,Mumbai-Chennai,7185.330721970079,66.4087360393594,0,Economy,27,7,23,6
IndiGo,Delhi,Mumbai,Mumbai-Chennai,7570.069752424636,101.33895583336856,2,Economy,20,2,5,19
Vistara,Mumbai,Mumbai,Delhi-Hyderabad,6002.956537478278,137.48212749521593,1,Business,9,12,6,17
SpiceJet,Mumbai,Mumbai,Delhi-Hyderabad,6809.170428326685,134.9062077152279,0,Economy,3,5,15,22
IndiGo,Mumbai,Mumbai,Delhi-Mumbai,7073.180732424705,152.0931436495155,0,Economy,28,11,6,12
IndiGo,Delhi,Mumbai,Delhi-Mumbai,5406.012613969293,84.00907414904076,0,Business,6,4,17,16
Vistara,Mumbai,Mumbai,Delhi-Mumbai,5611.755331705705,60.0,2,Economy,6,9,19,3
SpiceJet,Mumbai,Bangalore,Delhi-Hyderabad,6984.699610523788,145.74042585906437,0,Economy,23,10,21,13
Vistara,Delhi,Kolkata,Delhi-Hyderabad,7348.011422966808,95.15411181104297,1,Economy,25,1,18,19
SpiceJet,Mumbai,Hyderabad,Delhi-Hyderabad,6450.304688139484,60.0,0,Economy,12,12,8,12
GoAir,Mumbai,Mumbai,Mumbai-Chennai,5296.148517198357,124.35191237878145,1,Economy,23,6,19,2
AirAsia,Mumbai,Bangalore,Delhi-Hyderabad,7589.648889359553,143.7952706465603,1,Economy,30,3,9,17
AirAsia,Delhi,Bangalore,Mumbai-Chennai,5575.223281750428,116.33828603636168,1,Economy,1,11,12,13
AirAsia,Delhi,Bangalore,Delhi-Mumbai,5731.889775062838,106.26454841452532,1,Economy,16,9,17,14
Vistara,Delhi,Kolkata,Delhi-Mumbai,6273.8702675916975,115.2191330356228,1,Economy,31,5,15,2
GoAir,Delhi,Hyderabad,Delhi-Mumbai,7243.328336571819,108.88251712797651,0,Economy,24,6,21,0
SpiceJet,Delhi,Kolkata,Delhi-Bangalore,6683.180781241779,79.55858664179499,0,Economy,5,11,16,23
IndiGo,Delhi,Chennai,Delhi-Bangalore,6331.892400289528,98.55957969028705,0,Economy,9,9,21,16
SpiceJet,Mumbai,Bangalore,Mumbai-Kolkata,6370.630824094485,135.63839715041445,2,Economy,10,9,12,2
IndiGo,Mumbai,Chennai,Mumbai-Kolkata,6034.811734914773,129.65035624129501,0,Business,13,8,11,13
SpiceJet,Delhi,Mumbai,Mumbai-Kolkata,6446.511611614805,125.04179417900461,1,Economy,15,9,9,2
GoAir,Delhi,Mumbai,Delhi-Bangalore,3976.3519378445576,90.14554554439862,1,Economy,12,4,0,12
IndiGo,Delhi,Kolkata,Delhi-Bangalore,5762.714032744161,114.55490513592999,0,Economy,5,6,7,14
Vistara,Delhi,Hyderabad,Mumbai-Kolkata,6193.057547933425,60.0,0,Economy,5,5,20,17
SpiceJet,Delhi,Chennai,Mumbai-Kolkata,5079.1887331043945,125.35429991656169,0,Economy,31,5,21,13
SpiceJet,Delhi,Hyderabad,Delhi-Hyderabad,6309.058654249248,162.865731234407,0,Economy,28,4,17,20
IndiGo,Mumbai,Kolkata,Mumbai-Kolkata,5836.423023211103,75.77603603873683,0,Business,28,2,1,2
Vistara,Mumbai,Mumbai,Delhi-Hyderabad,7404.380558652392,102.42216980046734,0,Economy,30,12,15,18
Vistara,Delhi,Hyderabad,Mumbai-Chennai,7258.415780171886,129.8732033613039,1,Economy,18,6,11,7
GoAir,Delhi,Hyderabad,Delhi-Bangalore,5627.35554470547,157.58527903282453,2,Economy,12,9,8,3
Vistara,Delhi,Mumbai,Mumbai-Kolkata,5879.329830746644,106.55326151099551,0,Economy,27,12,2,3
Vistara,Delhi,Chennai,Delhi-Bangalore,5940.841947513286,99.23249012202311,0,Economy,3,1,21,18
Vistara,Delhi,Mumbai,Delhi-Bangalore,5638.672419072302,60.93230572751751,0,Economy,26,7,20,10
AirAsia,Delhi,Hyderabad,Delhi-Bangalore,6156.019987222501,123.10314387924319,1,Business,25,6,3,0
GoAir,Delhi,Chennai,Mumbai-Chennai,5393.374344889928,181.26228120431233,1,Economy,7,3,1,7
SpiceJet,Delhi,Chennai,Delhi-Mumbai,5095.507732049979,128.32075385894026,0,Economy,17,1,7,14
IndiGo,Delhi,Mumbai,Mumbai-Kolkata,6498.168979120215,119.3316306244886,0,Economy,19,4,9,0
SpiceJet,Delhi,Hyderabad,Delhi-Mumbai,6503.623667377448,129.66246932300956,1,Economy,28,9,15,6
GoAir,Delhi,Kolkata,Delhi-Mumbai,5356.547392272006,119.66723988154193,1,Economy,18,2,22,20
IndiGo,Mumbai,Hyderabad,Delhi-Mumbai,6716.28434461008,95.6095688321961,0,Economy,1,3,10,19
GoAir,Delhi,Bangalore,Delhi-Bangalore,5494.7378166677345,144.69839747033117,1,Economy,25,2,17,19
Vistara,Mumbai,Kolkata,Delhi-Hyderabad,6202.532190430385,126.77284569335264,0,Economy,24,2,21,23
IndiGo,Delhi,Chennai,Delhi-Bangalore,6656.275210089965,120.52839755800971,0,Economy,31,10,13,10
Vistara,Delhi,Kolkata,Delhi-Bangalore,5973.109948237029,90.7390191816525,1,Economy,5,11,7,13
SpiceJet,Mumbai,Chennai,Delhi-Mumbai,6363.792729712908,159.10523795804278,1,Business,27,11,22,21
SpiceJet,Mumbai,Chennai,Delhi-Bangalore,5586.856284889943,139.9410823599933,0,Economy,28,8,14,15
IndiGo,Delhi,Kolkata,Delhi-Mumbai,5842.826733257522,103.41237487898094,2,Economy,2,3,16,13
IndiGo,Mumbai,Chennai,Delhi-Hyderabad,5835.312455295728,150.05474561045813,0,Business,1,7,20,11
GoAir,Delhi,Chennai,Mumbai-Kolkata,5402.737322767809,105.07287484844379,1,Economy,7,8,17,16
GoAir,Delhi,Bangalore,Delhi-Mumbai,5858.580669507374,96.5398952246689,0,Economy,29,3,5,13
Vistara,Mumbai,Hyderabad,Delhi-Hyderabad,4761.105360909002,97.20890647559139,1,Economy,11,2,22,9
IndiGo,Mumbai,Hyderabad,Mumbai-Kolkata,5607.077002286316,66.86794340735726,2,Economy,11,8,13,23
SpiceJet,Mumbai,Bangalore,Mumbai-Chennai,5772.099605304264,134.14627141254618,0,Economy,31,3,22,13
GoAir,Delhi,Kolkata,Delhi-Mumbai,5795.0561980036955,65.0656536498495,2,Economy,18,7,2,17
GoAir,Delhi,Mumbai,Delhi-Mumbai,5806.802043303377,83.14668506202712,1,Economy,17,12,6,21
SpiceJet,Mumbai,Mumbai,Mumbai-Chennai,5950.588640111897,60.0,1,Economy,2,1,14,8
GoAir,Delhi,Mumbai,Mumbai-Chennai,6383.553214468851,117.4179092162732,0,Economy,7,12,20,16
Vistara,Mumbai,Bangalore,Delhi-Mumbai,6699.613659306018,115.49038619184384,1,Economy,7,6,23,5
IndiGo,Delhi,Bangalore,Mumbai-Chennai,5480.187818521386,110.19911360440908,1,Economy,10,12,15,7
SpiceJet,Mumbai,Chennai,Delhi-Bangalore,5037.4393156886845,88.72266915988271,0,Economy,22,12,15,12
IndiGo,Delhi,Mumbai,Mumbai-Kolkata,5166.364470205518,84.8329873969008,2,Economy,21,9,7,17
GoAir,Mumbai,Kolkata,Mumbai-Kolkata,5610.2376630440585,133.93109590639722,0,Economy,3,12,6,4
GoAir,Delhi,Kolkata,Mumbai-Kolkata,5718.462945746793,103.48344204874537,0,Economy,30,3,5,5
SpiceJet,Delhi,Mumbai,Delhi-Bangalore,5384.0031470420345,129.49074964608434,0,Economy,12,7,1,20
Vistara,Delhi,Mumbai,Mumbai-Chennai,4963.106668600084,93.44253941627332,0,Economy,3,6,21,18
AirAsia,Delhi,Mumbai,Delhi-Hyderabad,5635.103338020649,125.43188228313247,1,Economy,11,8,12,3
SpiceJet,Delhi,Bangalore,Mumbai-Chennai,6145.1412960911775,159.09834111948192,0,Economy,29,3,11,6
AirAsia,Delhi,Bangalore,Delhi-Mumbai,6476.023572668451,137.5849740117835,2,Business,12,3,14,3
AirAsia,Delhi,Bangalore,Mumbai-Kolkata,5554.061557513343,107.62758545350559,0,Economy,25,4,8,10
Vistara,Mumbai,Hyderabad,Mumbai-Chennai,5669.601742285253,127.71596911067782,0,Economy,4,3,1,11
AirAsia,Delhi,Kolkata,Delhi-Hyderabad,5258.641352922152,112.7800447640936,0,Economy,25,9,16,13
AirAsia,Mumbai,Kolkata,Delhi-Mumbai,5974.848663700179,120.23640554084184,0,Economy,16,11,4,12
Vistara,Delhi,Chennai,Delhi-Bangalore,5321.257092647348,110.23166843554488,2,Economy,20,4,10,9
AirAsia,Delhi,Bangalore,Delhi-Bangalore,6458.50225059296,115.06994382343825,1,Economy,18,6,21,17
AirAsia,Mumbai,Hyderabad,Delhi-Hyderabad,4571.3068064527115,126.36280059222527,1,Economy,31,8,18,15
AirAsia,Delhi,Hyderabad,Delhi-Mumbai,5712.29626203803,90.19923901254148,0,Business,4,11,23,4
SpiceJet,Delhi,Kolkata,Mumbai-Kolkata,6240.885871353394,89.52363519030065,0,Economy,22,8,6,7
SpiceJet,Delhi,Bangalore,Mumbai-Chennai,6147.067613058003,78.34372338506367,0,Economy,6,5,1,13
SpiceJet,Mumbai,Chennai,Delhi-Mumbai,8154.426931184397,71.9918668648887,0,Economy,21,5,15,4
Vistara,Mumbai,Bangalore,Delhi-Bangalore,6279.840019654326,83.48151923338563,0,Business,31,6,11,23
GoAir,Mumbai,Mumbai,Delhi-Hyderabad,5196.756322526392,124.78387520412387,1,Economy,15,10,22,7
AirAsia,Delhi,Bangalore,Delhi-Hyderabad,5923.628602328741,93.21637453524347,0,Economy,1,7,14,5
AirAsia,Delhi,Mumbai,Mumbai-Chennai,4579.002933226839,135.4084339269329,1,Business,3,10,0,15
Vistara,Delhi,Mumbai,Delhi-Hyderabad,5935.5202005625915,121.04141246257686,0,Economy,5,7,12,3
AirAsia,Delhi,Chennai,Delhi-Hyderabad,5333.555154399393,60.944873596858386,0,Economy,22,4,22,11
SpiceJet,Mumbai,Kolkata,Delhi-Mumbai,6732.31222044813,139.6492675266507,1,Economy,30,6,5,10
GoAir,Delhi,Bangalore,Mumbai-Kolkata,5560.367780323572,144.32395936775129,0,Economy,17,7,12,2
IndiGo,Mumbai,Mumbai,Mumbai-Chennai,5906.587267363802,90.1841197549544,1,Economy,30,5,17,11
AirAsia,Delhi,Bangalore,Delhi-Mumbai,5491.553726876477,132.60574628684975,1,Economy,14,5,2,4
SpiceJet,Delhi,Kolkata,Mumbai-Kolkata,7391.0810814826655,94.30505287772404,0,Economy,9,2,0,5
IndiGo,Delhi,Kolkata,Delhi-Mumbai,5743.005787105671,122.93011130245006,2,Economy,30,7,14,18
GoAir,Mumbai,Hyderabad,Delhi-Mumbai,7466.0456347833615,82.06504779135103,0,Economy,3,12,12,17
IndiGo,Delhi,Kolkata,Delhi-Hyderabad,6651.321409694613,66.20680642396269,0,Economy,26,6,4,15
SpiceJet,Delhi,Chennai,Mumbai-Kolkata,6385.653381868309,108.51548431161093,1,Economy,13,11,12,22
IndiGo,Delhi,Mumbai,Mumbai-Chennai,6294.986517854016,116.28813161175492,0,Economy,3,1,21,10
Vistara,Mumbai,Hyderabad,Mumbai-Chennai,6315.037838573001,108.06960919156188,1,Economy,11,4,4,4
IndiGo,Delhi,Chennai,Mumbai-Kolkata,4457.861936523512,84.47908325332321,1,Economy,2,3,18,8
AirAsia,Delhi,Bangalore,Delhi-Hyderabad,5776.893284679395,108.0030281360659,2,Economy,24,12,20,2
AirAsia,Mumbai,Mumbai,Delhi-Bangalore,6676.126376947457,128.07884257742202,0,Economy,15,3,23,7
Vistara,Delhi,Kolkata,Delhi-Mumbai,5960.882253220716,118.65320909632389,0,Economy,13,7,17,5
SpiceJet,Delhi,Mumbai,Delhi-Hyderabad,4875.8481225571395,125.4750309179764,1,Business,19,11,20,3
AirAsia,Delhi,Bangalore,Mumbai-Kolkata,5958.076439538025,99.896543986373,0,Economy,22,12,21,11
GoAir,Delhi,Hyderabad,Delhi-Mumbai,7363.284413004393,155.1515374414848,0,Economy,16,10,9,11
AirAsia,Delhi,Hyderabad,Mumbai-Chennai,6997.513372427776,84.71479990335658,0,Economy,18,4,23,20
AirAsia,Delhi,Hyderabad,Delhi-Bangalore,5950.396792507175,134.62680891260155,0,Economy,7,12,7,15
SpiceJet,Delhi,Kolkata,Mumbai-Chennai,6761.159421646469,155.45673278879886,0,Economy,13,8,14,9
IndiGo,Delhi,Chennai,Mumbai-Kolkata,5706.794383705558,134.42724278246686,1,Economy,4,11,20,21
AirAsia,Mumbai,Chennai,Delhi-Mumbai,4636.902730538625,113.9242731880551,1,Business,9,9,19,13
Vistara,Mumbai,Mumbai,Mumbai-Kolkata,5260.427209496356,104.15108860011063,0,Economy,30,3,22,12
IndiGo,Mumbai,Kolkata,Delhi-Mumbai,7250.311014806558,151.08262953138768,0,Economy,10,5,21,8
GoAir,Delhi,Hyderabad,Delhi-Hyderabad,5780.8055345365565,77.3107522421498,0,Economy,9,4,3,6
SpiceJet,Delhi,Hyderabad,Delhi-Bangalore,5805.292816499986,90.8962721886107,1,Economy,7,12,1,11
GoAir,Delhi,Bangalore,Delhi-Hyderabad,5760.1294429800955,108.07326703524836,0,Business,15,10,23,4
IndiGo,Delhi,Bangalore,Delhi-Hyderabad,7523.309271658405,157.12961272535995,1,Economy,28,6,5,17
IndiGo,Mumbai,Hyderabad,Mumbai-Kolkata,7300.76713228965,131.39302908122687,0,Economy,8,11,2,3
IndiGo,Mumbai,Hyderabad,Delhi-Bangalore,7775.024186758507,90.95862724469264,1,Economy,19,10,6,1
GoAir,Mumbai,Kolkata,Delhi-Mumbai,5872.763831679959,110.6907688384529,0,Economy,11,4,9,2
IndiGo,Delhi,Chennai,Delhi-Mumbai,6236.499590997676,101.57030567711116,1,Economy,5,8,22,11
GoAir,Delhi,Bangalore,Mumbai-Chennai,4786.685960463367,98.70633023299395,0,Economy,2,3,5,2
IndiGo,Delhi,Chennai,Delhi-Mumbai,7181.5475408946195,149.36668675670336,1,Economy,10,11,15,3
Vistara,Mumbai,Kolkata,Mumbai-Kolkata,5065.776358985652,78.84770612209483,0,Economy,16,5,1,5
IndiGo,Mumbai,Hyderabad,Delhi-Hyderabad,6173.4204510101035,168.2634256720312,1,Economy,23,1,23,11
GoAir,Mumbai,Chennai,Delhi-Hyderabad,5122.157977893725,144.84689070553867,1,Economy,13,6,16,18
AirAsia,Mumbai,Hyderabad,Delhi-Hyderabad,5528.906538609043,152.72585011811094,0,Economy,8,11,12,9
IndiGo,Delhi,Hyderabad,Delhi-Bangalore,5330.190055160239,106.11181463924225,1,Economy,9,5,0,0
AirAsia,Delhi,Mumbai,Delhi-Mumbai,5513.699791459346,115.50177842762672,0,Economy,11,8,5,16
Vistara,Mumbai,Chennai,Mumbai-Kolkata,5568.701837480817,77.00544556425864,0,Economy,11,9,4,15
SpiceJet,Delhi,Chennai,Delhi-Bangalore,5561.384964059938,104.26012778799591,0,Economy,23,8,12,8
Vistara,Delhi,Hyderabad,Mumbai-Chennai,6666.667129424246,134.80964542929453,0,Economy,26,8,22,20
IndiGo,Mumbai,Kolkata,Mumbai-Kolkata,5116.109765549984,158.88189185344189,1,Business,31,12,17,8
AirAsia,Delhi,Mumbai,Mumbai-Kolkata,6176.433141611094,86.78529549592645,1,Economy,16,3,11,22
AirAsia,Delhi,Hyderabad,Mumbai-Kolkata,6974.367321844446,109.03482189044202,0,Economy,10,4,6,8
GoAir,Delhi,Bangalore,Delhi-Hyderabad,5589.442908389283,115.46102339302433,0,Economy,29,11,14,11
AirAsia,Delhi,Bangalore,Mumbai-Kolkata,5425.664887401918,78.12632393422544,1,Economy,24,4,2,22
GoAir,Delhi,Mumbai,Delhi-Mumbai,5815.580299855799,137.74047725275202,2,Economy,12,11,15,8
SpiceJet,Delhi,Kolkata,Mumbai-Kolkata,6943.780166688568,98.28029004772173,0,Business,25,5,0,14
IndiGo,Mumbai,Hyderabad,Delhi-Hyderabad,6155.286104762687,114.13828946468928,2,Economy,6,9,15,1
GoAir,Delhi,Chennai,Mumbai-Kolkata,5575.028564313921,106.44151884264367,0,Business,28,12,23,10
SpiceJet,Delhi,Mumbai,Mumbai-Chennai,6387.101320950432,96.31984482840977,0,Economy,12,9,11,10
AirAsia,Delhi,Kolkata,Mumbai-Chennai,5118.166280130861,119.78865043558336,1,Economy,10,10,18,7
AirAsia,Delhi,Chennai,Delhi-Hyderabad,6545.087608354358,113.53171264295933,0,Economy,18,12,7,22
SpiceJet,Mumbai,Bangalore,Delhi-Mumbai,6326.885846161414,108.84426353164004,0,Economy,18,1,22,5
AirAsia,Mumbai,Bangalore,Delhi-Mumbai,5753.753223088893,98.14615134958972,0,Economy,4,8,11,20
SpiceJet,Delhi,Chennai,Delhi-Bangalore,5329.1313612422155,129.58574012348868,1,Business,31,1,14,19
GoAir,Delhi,Mumbai,Delhi-Hyderabad,5290.655262173234,169.60851805476855,1,Business,9,2,1,6
GoAir,Delhi,Bangalore,Mumbai-Kolkata,6427.853869076728,124.19661698517382,0,Business,7,7,16,2
SpiceJet,Mumbai,Hyderabad,Delhi-Hyderabad,6983.18440199125,149.88354644733386,0,Economy,18,8,6,7
GoAir,Delhi,Chennai,Delhi-Bangalore,5490.153802376964,78.29334224539612,0,Economy,8,1,12,17
GoAir,Mumbai,Chennai,Delhi-Hyderabad,6366.709362841188,124.73284317881308,0,Economy,11,3,0,16
GoAir,Delhi,Bangalore,Delhi-Hyderabad,4330.378385118345,87.078950430868,0,Economy,7,7,5,10
Vistara,Delhi,Mumbai,Delhi-Bangalore,5532.30581547424,75.69225217404296,1,Economy,9,9,12,1
IndiGo,Delhi,Hyderabad,Delhi-Mumbai,5975.152853703278,97.81885777622891,0,Economy,8,8,10,20
AirAsia,Mumbai,Mumbai,Mumbai-Kolkata,5272.253266414533,155.75698003240717,0,Economy,3,8,9,23
Vistara,Mumbai,Kolkata,Delhi-Bangalore,5250.794900168324,148.50047486008935,0,Economy,17,9,15,18
GoAir,Delhi,Kolkata,Mumbai-Chennai,5465.776354824891,127.29014166163199,0,Economy,2,10,23,6
SpiceJet,Delhi,Bangalore,Delhi-Mumbai,6233.754182661099,74.01898320330207,2,Economy,15,3,22,17
GoAir,Delhi,Bangalore,Mumbai-Chennai,5850.1367852749,114.1115804583619,0,Economy,14,8,19,7
IndiGo,Delhi,Bangalore,Delhi-Mumbai,4209.415013340023,129.05100026705207,0,Economy,29,1,16,13
GoAir,Mumbai,Kolkata,Mumbai-Kolkata,4303.439877891947,125.26608688735794,0,Economy,18,8,16,6
SpiceJet,Delhi,Mumbai,Mumbai-Kolkata,5514.507857714259,64.68619249557763,0,Economy,16,7,3,20
IndiGo,Delhi,Mumbai,Delhi-Hyderabad,6366.149268842842,93.29046455940384,0,Economy,20,8,4,3
GoAir,Mumbai,Bangalore,Mumbai-Chennai,3801.9961258198123,118.0776670755385,0,Economy,22,1,22,16
IndiGo,Delhi,Hyderabad,Delhi-Mumbai,5600.215859078696,136.0887272855157,0,Economy,4,6,13,4
AirAsia,Mumbai,Mumbai,Mumbai-Kolkata,5579.0017147860635,60.0,0,Economy,25,7,19,11
AirAsia,Mumbai,Kolkata,Delhi-Bangalore,7110.670222566759,115.13628073560425,0,Economy,20,11,9,8
GoAir,Mumbai,Chennai,Mumbai-Kolkata,5691.982550629709,124.29146309636857,0,Economy,6,5,13,19
IndiGo,Delhi,Chennai,Delhi-Bangalore,6306.391187792743,145.4883596554864,2,Economy,6,5,0,12
SpiceJet,Delhi,Chennai,Delhi-Mumbai,6113.00571206997,140.7857275271231,0,Economy,26,7,10,17
GoAir,Mumbai,Hyderabad,Mumbai-Kolkata,4295.546816154239,137.47713956426415,0,Economy,11,11,22,19
AirAsia,Delhi,Bangalore,Mumbai-Kolkata,6614.5657733053895,96.00178479894197,0,Economy,26,3,17,8
AirAsia,Delhi,Kolkata,Delhi-Mumbai,6172.31720436503,62.759935886300774,0,Economy,17,6,15,3
GoAir,Mumbai,Hyderabad,Mumbai-Kolkata,6406.614911739672,108.20841728815797,1,Economy,24,7,17,20
IndiGo,Delhi,Kolkata,Delhi-Bangalore,9140.990165149062,150.0489547562568,0,Economy,28,1,7,7
AirAsia,Delhi,Kolkata,Mumbai-Kolkata,4332.709648401129,161.80363582573295,1,Economy,3,12,9,0
IndiGo,Delhi,Bangalore,Mumbai-Chennai,7379.757319808887,141.31647306893356,0,Economy,31,2,9,16
AirAsia,Delhi,Chennai,Delhi-Hyderabad,5770.041984479715,132.88022468405202,0,Economy,13,12,4,8
AirAsia,Mumbai,Bangalore,Delhi-Bangalore,6229.8631235224075,131.38918945157897,1,Business,22,4,9,19
Vistara,Mumbai,Hyderabad,Mumbai-Chennai,5963.590203759006,103.31643759717659,0,Economy,3,8,17,12
AirAsia,Delhi,Hyderabad,Delhi-Mumbai,5660.610933281565,116.0981911933914,0,Economy,16,11,20,1
SpiceJet,Mumbai,Hyderabad,Delhi-Bangalore,5544.133657408993,170.07208577478994,0,Economy,15,10,23,12
GoAir,Mumbai,Bangalore,Delhi-Hyderabad,6263.606988458408,91.7232598262437,1,Economy,11,6,5,8
GoAir,Delhi,Kolkata,Delhi-Hyderabad,4786.261042662657,168.44336372129555,0,Economy,18,1,2,19
IndiGo,Delhi,Kolkata,Delhi-Mumbai,6600.463334017412,110.33915536523824,1,Economy,15,10,7,5
AirAsia,Delhi,Mumbai,Delhi-Mumbai,5667.044476091797,159.76296327285235,0,Economy,5,5,8,0
SpiceJet,Delhi,Hyderabad,Delhi-Bangalore,5095.944528767714,77.79554971507385,1,Business,16,7,4,4
IndiGo,Mumbai,Kolkata,Mumbai-Kolkata,5639.989713603349,137.57712603493948,0,Economy,30,6,1,2
Vistara,Delhi,Mumbai,Delhi-Mumbai,7005.719373490058,97.89689592157134,1,Economy,16,12,1,3
IndiGo,Mumbai,Kolkata,Mumbai-Kolkata,5571.731930387022,77.54198424227438,0,Business,17,9,6,0
IndiGo,Delhi,Hyderabad,Mumbai-Chennai,6286.762894567696,126.55602127232837,2,Economy,9,8,16,13
AirAsia,Delhi,Chennai,Delhi-Hyderabad,5415.2349794276215,150.28415365787907,0,Economy,27,4,9,8
Vistara,Delhi,Hyderabad,Mumbai-Kolkata,6606.337479938896,94.65175684219511,0,Economy,23,11,11,23
IndiGo,Delhi,Bangalore,Delhi-Hyderabad,6548.406191032163,75.02952118624796,0,Economy,3,12,1,3
SpiceJet,Delhi,Kolkata,Mumbai-Kolkata,7478.8870666371295,117.24465706995134,0,Economy,20,5,9,17
SpiceJet,Delhi,Kolkata,Mumbai-Chennai,5859.548843600627,117.37694013668457,0,Business,13,7,19,13
GoAir,Mumbai,Bangalore,Delhi-Mumbai,6534.923843806326,136.44958882663497,2,Economy,22,8,0,3
Vistara,Delhi,Bangalore,Mumbai-Chennai,6078.454031631156,148.48783714093466,2,Economy,3,5,3,9
Vistara,Mumbai,Chennai,Delhi-Mumbai,7036.697425490412,118.21754456182518,0,Business,28,9,12,2
GoAir,Delhi,Kolkata,Delhi-Mumbai,5424.934089913016,175.6650994438279,2,Economy,7,10,11,22
IndiGo,Mumbai,Kolkata,Delhi-Hyderabad,6596.004250301825,126.72704233605876,0,Economy,29,12,10,6
Vistara,Delhi,Chennai,Mumbai-Chennai,5844.2421631066545,109.60720481979301,0,Economy,6,4,9,9
SpiceJet,Delhi,Mumbai,Mumbai-Kolkata,5948.649458313202,71.65297922691516,1,Business,9,4,14,12
SpiceJet,Delhi,Chennai,Mumbai-Chennai,6073.401987558698,112.12021439051497,1,Economy,12,8,4,3
AirAsia,Mumbai,Hyderabad,Delhi-Hyderabad,6201.792317141342,109.90839163766591,2,Economy,15,1,16,17
Vistara,Mumbai,Kolkata,Delhi-Mumbai,5907.016765502433,148.8091438884441,0,Economy,21,8,4,10
IndiGo,Delhi,Bangalore,Delhi-Hyderabad,6171.770546536421,133.87450872200563,1,Economy,20,5,1,3
GoAir,Mumbai,Hyderabad,Delhi-Bangalore,7262.494446049747,84.61892635102149,0,Business,3,11,8,23
GoAir,Mumbai,Kolkata,Delhi-Bangalore,6788.359748492175,125.16763159233112,0,Economy,10,1,5,13
IndiGo,Delhi,Chennai,Mumbai-Kolkata,6695.323673997517,140.1459351518716,0,Economy,1,4,17,17
AirAsia,Delhi,Hyderabad,Delhi-Hyderabad,5635.568379180903,165.84094078163497,2,Business,19,2,13,7
GoAir,Mumbai,Kolkata,Mumbai-Kolkata,5288.60733741734,146.62511902242179,1,Economy,19,4,18,9
Vistara,Delhi,Mumbai,Mumbai-Kolkata,6764.240446590203,142.82539962934433,1,Economy,23,8,13,4
AirAsia,Delhi,Mumbai,Delhi-Bangalore,6700.837434023835,121.8025798384549,0,Economy,23,5,7,22
Vistara,Delhi,Bangalore,Mumbai-Kolkata,7178.136540600785,131.6493601627035,0,Economy,13,1,16,6
SpiceJet,Delhi,Kolkata,Delhi-Bangalore,5516.815499224616,157.48514702118476,0,Economy,31,7,2,11
AirAsia,Mumbai,Mumbai,Delhi-Mumbai,5816.361075711722,80.01667807561051,0,Business,12,1,9,2
GoAir,Mumbai,Chennai,Delhi-Hyderabad,4688.4126699796525,109.51682018349132,0,Economy,1,9,16,3
AirAsia,Mumbai,Kolkata,Mumbai-Kolkata,5686.023115151302,96.82293753731277,1,Economy,19,3,10,9
AirAsia,Delhi,Chennai,Delhi-Bangalore,6797.256408463558,131.3745935617837,0,Economy,29,12,7,3
AirAsia,Mumbai,Chennai,Mumbai-Chennai,5626.803696617441,156.90666526952361,0,Economy,24,3,0,14
AirAsia,Delhi,Mumbai,Mumbai-Kolkata,6512.383836160659,102.09077139836778,0,Economy,16,6,12,9
Vistara,Delhi,Kolkata,Delhi-Mumbai,5847.597515201751,60.0,0,Economy,25,10,20,20
SpiceJet,Delhi,Hyderabad,Delhi-Mumbai,6259.2456225772485,107.6333776492659,0,Business,23,6,3,21
IndiGo,Mumbai,Mumbai,Mumbai-Chennai,5081.846888147466,147.4042119605222,2,Economy,23,11,6,15
AirAsia,Delhi,Mumbai,Delhi-Bangalore,6068.167559707121,136.1288970884964,1,Economy,28,11,13,14
GoAir,Delhi,Kolkata,Mumbai-Kolkata,3607.0912232794212,132.84558743431728,1,Economy,15,6,4,18
AirAsia,Mumbai,Kolkata,Delhi-Bangalore,5850.483073470412,111.60020094376561,0,Business,16,1,23,19
GoAir,Delhi,Chennai,Delhi-Mumbai,4695.621405027888,81.6290779134064,0,Economy,11,5,10,18
Vistara,Delhi,Kolkata,Delhi-Bangalore,6964.795613237453,135.45882964873402,0,Economy,24,12,16,17
GoAir,Mumbai,Chennai,Delhi-Mumbai,6621.925882211609,94.97154569896125,1,Economy,6,6,4,11
IndiGo,Delhi,Mumbai,Delhi-Bangalore,6373.336785572865,185.52290200141368,1,Business,11,8,19,15
SpiceJet,Delhi,Bangalore,Mumbai-Chennai,7216.804981727504,137.11521625063548,0,Economy,3,1,2,0
GoAir,Delhi,Hyderabad,Delhi-Hyderabad,5240.8667833401305,102.58055092338148,0,Economy,15,5,4,15
GoAir,Mumbai,Mumbai,Mumbai-Chennai,7397.890558332447,101.65844257834117,0,Economy,1,3,14,1
SpiceJet,Delhi,Kolkata,Mumbai-Chennai,6745.753251408308,117.21167380159235,1,Economy,7,2,18,23
IndiGo,Delhi,Hyderabad,Delhi-Hyderabad,5810.755770224843,112.81494233934751,2,Economy,1,11,15,14
AirAsia,Mumbai,Bangalore,Delhi-Hyderabad,6908.496117746356,153.50501326589864,0,Economy,17,8,7,6
GoAir,Delhi,Bangalore,Mumbai-Kolkata,5114.965190070692,125.59248509232138,0,Economy,9,7,12,0
SpiceJet,Delhi,Chennai,Mumbai-Kolkata,5340.388670777861,98.05104783274416,0,Business,29,10,15,4
Vistara,Delhi,Hyderabad,Mumbai-Chennai,5513.128221408239,176.71322055467348,0,Business,26,7,2,9
SpiceJet,Delhi,Chennai,Mumbai-Chennai,5576.817833548788,121.47924994560668,0,Economy,23,5,0,21
Vistara,Mumbai,Mumbai,Delhi-Mumbai,5154.753885791798,143.0651902790669,0,Economy,13,12,8,20
IndiGo,Delhi,Hyderabad,Delhi-Mumbai,6978.46645367626,101.75320477665723,1,Economy,11,9,8,3
AirAsia,Mumbai,Mumbai,Mumbai-Kolkata,5792.916479704135,130.8934688323357,1,Economy,29,5,21,13
SpiceJet,Mumbai,Chennai,Mumbai-Kolkata,6282.003974685504,129.33329973429585,0,Economy,20,2,16,12
GoAir,Delhi,Hyderabad,Delhi-Mumbai,5543.718906869056,63.3105212371154,1,Economy,6,3,23,0
IndiGo,Delhi,Chennai,Delhi-Mumbai,4543.517359561186,180.4582533138192,0,Economy,1,4,1,15
SpiceJet,Delhi,Hyderabad,Delhi-Bangalore,6216.045886713137,158.71933382767642,0,Economy,7,5,8,22
GoAir,Mumbai,Chennai,Delhi-Bangalore,4470.1960196641785,108.08414051562038,0,Economy,12,3,23,8
SpiceJet,Mumbai,Bangalore,Delhi-Mumbai,5945.092763131625,86.93190778632433,0,Economy,31,12,18,21
Vistara,Delhi,Chennai,Delhi-Bangalore,4905.347968933752,130.42684841410656,0,Economy,22,7,12,15
SpiceJet,Delhi,Bangalore,Delhi-Hyderabad,7589.820799384646,122.6009309824319,0,Economy,20,5,4,18
SpiceJet,Mumbai,Chennai,Mumbai-Kolkata,6729.090177739778,130.67006845689687,0,Business,23,5,8,14
SpiceJet,Mumbai,Hyderabad,Mumbai-Kolkata,6084.603033017184,125.74732188582269,2,Economy,19,6,12,13
IndiGo,Mumbai,Hyderabad,Delhi-Mumbai,7010.965342123734,135.1872296791778,0,Economy,17,7,0,19
SpiceJet,Delhi,Hyderabad,Mumbai-Chennai,5322.9472180274115,163.4191709817542,0,Economy,4,10,14,9
GoAir,Mumbai,Kolkata,Delhi-Mumbai,6434.783502936074,137.04309615385938,0,Economy,3,10,3,20
Vistara,Mumbai,Mumbai,Delhi-Bangalore,6159.848346974971,88.51033503270176,1,Business,1,8,3,11
Vistara,Delhi,Hyderabad,Mumbai-Chennai,6211.216065066936,160.87688558137356,0,Economy,18,9,19,0
SpiceJet,Mumbai,Bangalore,Delhi-Bangalore,7017.882800085415,169.21843690464863,1,Economy,27,11,9,20
IndiGo,Delhi,Hyderabad,Delhi-Hyderabad,6585.9936822238415,214.56170203536254,0,Economy,21,4,5,16
IndiGo,Delhi,Kolkata,Delhi-Bangalore,6230.978930260018,86.29517900281206,0,Economy,15,5,23,8
GoAir,Delhi,Bangalore,Delhi-Hyderabad,4676.090051017363,127.28646039450825,0,Business,8,5,11,22
SpiceJet,Delhi,Kolkata,Delhi-Hyderabad,5231.962963776429,60.0,0,Economy,1,8,19,18
Vistara,Mumbai,Bangalore,Delhi-Bangalore,5901.832853123421,136.59447469137626,0,Economy,20,9,15,17
IndiGo,Delhi,Chennai,Delhi-Bangalore,6074.697899421321,103.55399105499683,0,Economy,14,7,2,6
SpiceJet,Delhi,Mumbai,Delhi-Hyderabad,5095.837020260861,177.7033738447486,0,Economy,4,5,13,8
IndiGo,Delhi,Mumbai,Mumbai-Chennai,7929.341340462737,96.76155089944254,0,Economy,5,3,0,21
IndiGo,Mumbai,Kolkata,Delhi-Hyderabad,7213.115244202859,69.32450886098215,0,Economy,23,1,9,20
Vistara,Mumbai,Mumbai,Mumbai-Kolkata,6481.694656313987,105.8620877789244,2,Economy,13,11,14,11
AirAsia,Mumbai,Kolkata,Delhi-Hyderabad,6057.6294890269955,60.73536686348588,0,Economy,28,9,6,6
GoAir,Mumbai,Kolkata,Mumbai-Chennai,5830.2328240790785,142.5329836352193,1,Business,24,5,3,13
GoAir,Mumbai,Kolkata,Mumbai-Kolkata,5238.465231982212,60.0,1,Economy,15,9,13,14
Vistara,Delhi,Mumbai,Delhi-Mumbai,6061.98441481509,120.85372743549476,0,Economy,6,10,23,14
IndiGo,Mumbai,Kolkata,Delhi-Mumbai,6206.202032114201,60.0,0,Economy,1,12,15,5
SpiceJet,Delhi,Mumbai,Mumbai-Chennai,5006.5915396147,110.39106586390075,0,Economy,23,4,13,20
IndiGo,Mumbai,Kolkata,Delhi-Hyderabad,6267.341133795918,169.30134467413603,1,Economy,19,5,2,13
Vistara,Delhi,Hyderabad,Delhi-Bangalore,5875.792760940201,130.81943674307385,1,Economy,31,4,16,1
GoAir,Mumbai,Kolkata,Mumbai-Chennai,4473.753953698088,94.09519185105198,1,Economy,13,2,20,7
IndiGo,Mumbai,Bangalore,Mumbai-Kolkata,5311.691991376399,119.06389533182748,2,Economy,29,12,13,12
GoAir,Delhi,Kolkata,Mumbai-Kolkata,5669.115573262685,120.5405061613334,1,Economy,29,1,17,22
SpiceJet,Delhi,Chennai,Delhi-Mumbai,7510.150125872152,134.17891037530217,0,Economy,6,8,2,5
GoAir,Delhi,Kolkata,Mumbai-Kolkata,6445.2424996270065,78.9942491015752,0,Economy,15,4,21,4
GoAir,Delhi,Bangalore,Mumbai-Chennai,4931.614744720087,137.77701821541993,1,Economy,16,5,18,4
AirAsia,Delhi,Bangalore,Mumbai-Kolkata,6388.829031534109,60.0,0,Business,24,6,2,0
AirAsia,Mumbai,Mumbai,Mumbai-Chennai,4762.156808849308,101.10346342908569,0,Business,23,8,11,8
AirAsia,Delhi,Hyderabad,Delhi-Bangalore,6866.1528431096585,105.35178472645366,1,Economy,16,11,21,5
GoAir,Mumbai,Kolkata,Delhi-Mumbai,5623.100278545697,138.99980478213715,0,Economy,10,8,4,19
Vistara,Delhi,Mumbai,Mumbai-Kolkata,5925.0910490086635,120.67892558030607,2,Economy,22,7,9,6
GoAir,Delhi,Hyderabad,Mumbai-Chennai,7060.637318033752,77.8331083843114,1,Economy,9,4,8,8
Vistara,Delhi,Kolkata,Delhi-Hyderabad,4970.2691451326,90.45020622548955,0,Business,9,6,0,4
Vistara,Delhi,Chennai,Delhi-Mumbai,4882.305451909607,125.9604002864222,2,Economy,17,4,12,13
AirAsia,Mumbai,Kolkata,Delhi-Bangalore,5533.120538923196,117.62797974406331,0,Economy,17,7,2,4
IndiGo,Mumbai,Bangalore,Mumbai-Chennai,6830.703080815453,102.6262767109276,0,Economy,17,12,18,7
SpiceJet,Delhi,Bangalore,Delhi-Bangalore,4784.523139618526,105.57498631464063,0,Economy,24,12,10,6
AirAsia,Mumbai,Chennai,Delhi-Bangalore,3734.2755215115444,140.88503991477867,0,Economy,12,11,15,12
AirAsia,Mumbai,Mumbai,Mumbai-Kolkata,5639.072913272801,104.46922281392357,0,Economy,13,1,5,12
IndiGo,Mumbai,Hyderabad,Mumbai-Kolkata,6441.392639928737,117.3572626791278,0,Economy,30,5,23,7
SpiceJet,Mumbai,Kolkata,Mumbai-Chennai,6960.209399791063,185.0980976424163,0,Economy,12,10,2,10
GoAir,Delhi,Bangalore,Delhi-Hyderabad,5629.470910331681,77.2895208934823,0,Economy,14,12,18,17
GoAir,Mumbai,Mumbai,Mumbai-Chennai,5670.858714307198,64.44471805276024,1,Economy,10,10,5,18
AirAsia,Mumbai,Chennai,Delhi-Hyderabad,6923.120587404598,143.5076899439582,1,Economy,23,4,7,5
SpiceJet,Delhi,Bangalore,Delhi-Bangalore,4504.206640243664,99.6407081611769,0,Economy,19,11,21,21
AirAsia,Delhi,Chennai,Delhi-Mumbai,5689.183379853593,110.45287416772139,0,Economy,29,7,12,1
Vistara,Delhi,Kolkata,Mumbai-Chennai,6152.339111940046,96.56530865606658,0,Business,2,9,11,12
AirAsia,Mumbai,Hyderabad,Mumbai-Chennai,6359.374977028027,112.20599577697462,0,Business,4,5,9,22
AirAsia,Mumbai,Bangalore,Delhi-Hyderabad,5592.154645447294,167.95614336289023,1,Business,19,4,2,10
GoAir,Mumbai,Bangalore,Delhi-Bangalore,6027.5528093646735,144.0638537585436,1,Economy,7,9,3,0
GoAir,Delhi,Kolkata,Delhi-Bangalore,4009.3381172696086,145.86670535660932,0,Economy,26,5,0,23
GoAir,Delhi,Mumbai,Delhi-Hyderabad,5473.401270132921,77.51318832622063,0,Economy,15,9,12,1
Vistara,Mumbai,Hyderabad,Delhi-Bangalore,6362.8069700435735,85.46538790341393,0,Business,15,8,23,16
GoAir,Mumbai,Bangalore,Mumbai-Kolkata,5214.164772596257,60.0,1,Business,24,4,3,7
SpiceJet,Delhi,Hyderabad,Delhi-Mumbai,6047.187377271678,95.71857536751737,0,Business,6,11,21,1
IndiGo,Delhi,Bangalore,Mumbai-Chennai,6357.498000642158,148.70109559156975,2,Economy,3,11,10,5
SpiceJet,Mumbai,Hyderabad,Delhi-Mumbai,5725.960639313788,135.50839547245113,1,Business,6,7,18,21
SpiceJet,Delhi,Chennai,Mumbai-Chennai,6136.371016797257,113.35460211143628,0,Economy,31,5,10,4
GoAir,Delhi,Bangalore,Mumbai-Kolkata,5229.81394777231,119.33099148845841,0,Economy,16,10,11,15
IndiGo,Mumbai,Hyderabad,Delhi-Bangalore,5834.710976243163,99.33343372273782,2,Economy,2,4,10,7
IndiGo,Delhi,Mumbai,Delhi-Hyderabad,6488.172935671378,126.14276647205352,0,Economy,31,5,5,18
IndiGo,Delhi,Chennai,Mumbai-Kolkata,6125.578368774747,142.97634838441846,0,Economy,28,5,11,15
Vistara,Mumbai,Chennai,Delhi-Mumbai,5530.774984348852,71.52339637768581,0,Economy,7,11,8,12
GoAir,Delhi,Mumbai,Delhi-Hyderabad,6179.373123432634,128.98943063512044,1,Economy,30,9,9,19
IndiGo,Mumbai,Hyderabad,Delhi-Bangalore,6571.687832509295,147.97304612864002,1,Economy,11,12,2,6
Vistara,Mumbai,Kolkata,Mumbai-Kolkata,4360.046977138018,107.54699133109891,1,Business,26,9,2,15
AirAsia,Mumbai,Mumbai,Delhi-Hyderabad,6927.259251964718,141.02101836361751,1,Economy,30,6,19,22
AirAsia,Delhi,Hyderabad,Mumbai-Kolkata,5730.996209055143,204.4396333341766,1,Economy,7,4,22,15
Vistara,Delhi,Mumbai,Mumbai-Kolkata,6340.3919465921845,116.86971621039324,2,Economy,4,2,15,11
Vistara,Delhi,Mumbai,Delhi-Bangalore,6957.797538916182,131.7992115001597,0,Business,29,3,2,13
GoAir,Delhi,Bangalore,Mumbai-Chennai,4902.661042215627,97.85828749015825,0,Economy,24,2,9,23
GoAir,Mumbai,Hyderabad,Delhi-Hyderabad,5432.447198057963,125.43753487806151,1,Economy,20,5,23,17
AirAsia,Delhi,Kolkata,Delhi-Bangalore,5769.161043299436,133.80814874946913,1,Economy,7,6,10,17
IndiGo,Mumbai,Bangalore,Mumbai-Kolkata,5372.997183100458,125.84527020810414,1,Economy,4,11,7,15
AirAsia,Mumbai,Mumbai,Delhi-Bangalore,7387.949260669447,89.4091404087343,0,Economy,29,5,5,19
IndiGo,Delhi,Mumbai,Mumbai-Chennai,5314.582324938566,126.19085313976352,1,Business,12,2,19,15
IndiGo,Mumbai,Mumbai,Delhi-Hyderabad,5555.562576410507,163.8658781615291,1,Economy,5,12,10,12
GoAir,Delhi,Hyderabad,Mumbai-Chennai,6163.511225282381,133.4590729354358,0,Economy,23,5,20,8
SpiceJet,Mumbai,Hyderabad,Delhi-Mumbai,5038.280379139129,148.85961567215523,0,Business,29,9,11,8
SpiceJet,Delhi,Bangalore,Delhi-Hyderabad,5683.455430594989,112.88964089962117,0,Business,30,4,15,12
Vistara,Mumbai,Kolkata,Mumbai-Chennai,6253.96260900014,142.49700718271131,0,Economy,30,12,17,3
GoAir,Mumbai,Bangalore,Mumbai-Kolkata,5733.711676493991,128.3780351464958,0,Business,29,10,12,8
IndiGo,Delhi,Chennai,Delhi-Hyderabad,5925.290512880041,91.47267810938304,0,Economy,26,2,21,14
SpiceJet,Delhi,Mumbai,Delhi-Hyderabad,5576.534310041303,129.55563014396623,0,Economy,19,3,2,13
IndiGo,Mumbai,Mumbai,Delhi-Bangalore,4788.423752655386,90.24910009679068,1,Economy,26,3,14,18
SpiceJet,Mumbai,Mumbai,Mumbai-Kolkata,6257.274569071391,101.01359175345624,1,Economy,5,9,21,11
SpiceJet,Mumbai,Bangalore,Delhi-Mumbai,7403.946457317793,125.67984921877122,1,Economy,27,4,20,20
SpiceJet,Delhi,Bangalore,Mumbai-Chennai,6014.721304626751,128.91732820140373,0,Economy,30,1,13,5
GoAir,Delhi,Mumbai,Delhi-Bangalore,6180.21129379804,84.32302604768613,0,Economy,19,1,17,2
AirAsia,Mumbai,Bangalore,Mumbai-Chennai,6554.178204093488,151.6195731354863,1,Economy,21,7,13,21
IndiGo,Delhi,Hyderabad,Delhi-Mumbai,4984.53560276264,137.1601883490142,0,Economy,30,7,4,19
GoAir,Delhi,Hyderabad,Delhi-Mumbai,7362.011726503684,98.85814693167349,2,Economy,3,2,20,15
GoAir,Delhi,Bangalore,Delhi-Hyderabad,6161.863037138241,73.87245610652474,1,Economy,27,9,13,19
GoAir,Mumbai,Mumbai,Delhi-Mumbai,7305.485519271288,115.65286262755706,0,Economy,26,9,7,23
GoAir,Delhi,Bangalore,Mumbai-Chennai,5413.573603580809,106.6216885841652,2,Economy,11,5,22,22
GoAir,Delhi,Bangalore,Mumbai-Kolkata,7454.4495380462595,123.39421371159068,0,Economy,7,3,14,16
Vistara,Delhi,Bangalore,Mumbai-Kolkata,6620.124395227826,109.106500165333,0,Economy,29,3,14,15
IndiGo,Delhi,Chennai,Delhi-Hyderabad,6442.432068681886,60.0,1,Economy,17,12,18,5
GoAir,Delhi,Hyderabad,Mumbai-Chennai,6187.219563482518,108.34959185096525,0,Economy,25,3,19,7
IndiGo,Mumbai,Kolkata,Mumbai-Chennai,5801.177105540441,110.83142666795062,2,Business,9,6,5,18
Vistara,Delhi,Kolkata,Delhi-Mumbai,6960.425326779098,139.00983074322176,0,Economy,21,4,18,1
Vistara,Delhi,Chennai,Mumbai-Chennai,6112.287895878438,99.05400976166851,0,Economy,9,8,7,13
IndiGo,Delhi,Bangalore,Delhi-Bangalore,4426.344237130278,170.360240201177,0,Economy,10,11,5,21
SpiceJet,Mumbai,Chennai,Delhi-Mumbai,5106.250830634398,62.65078348044729,1,Business,13,11,19,11
AirAsia,Delhi,Chennai,Delhi-Bangalore,5851.323398245802,159.33502493407875,0,Economy,15,11,22,16
SpiceJet,Mumbai,Mumbai,Delhi-Hyderabad,6247.999186532444,113.27043087365685,0,Economy,22,5,14,14
SpiceJet,Mumbai,Hyderabad,Mumbai-Kolkata,5954.729208880083,145.78754617030668,1,Economy,31,1,2,17
SpiceJet,Delhi,Kolkata,Delhi-Hyderabad,6975.176631834931,122.394044521762,0,Economy,5,9,9,15
GoAir,Delhi,Bangalore,Mumbai-Kolkata,4439.1185087691,154.18666608076407,1,Economy,29,1,14,12
Vistara,Mumbai,Kolkata,Delhi-Hyderabad,6114.870349204128,108.37914106341566,0,Economy,3,6,23,20
SpiceJet,Delhi,Kolkata,Mumbai-Chennai,4545.616619690276,87.04138724466563,1,Economy,27,1,15,16
Vistara,Mumbai,Hyderabad,Delhi-Bangalore,6607.769836387335,162.6151286181319,1,Economy,27,3,16,7
IndiGo,Mumbai,Kolkata,Mumbai-Kolkata,5924.433028446398,116.59558062353575,0,Economy,8,10,18,0
AirAsia,Delhi,Kolkata,Delhi-Mumbai,6335.6879776192945,126.64675420872634,0,Economy,20,5,10,2
IndiGo,Delhi,Chennai,Delhi-Bangalore,5308.893631528187,157.04255742134384,1,Economy,10,10,15,15
IndiGo,Delhi,Hyderabad,Delhi-Mumbai,7023.571945326201,89.04134273716696,0,Economy,13,7,4,1
GoAir,Mumbai,Mumbai,Delhi-Bangalore,6833.3797312470815,137.86472692917772,2,Business,31,10,4,14
AirAsia,Delhi,Bangalore,Delhi-Bangalore,6466.8354424095105,102.30315730611328,0,Economy,29,8,13,0
IndiGo,Delhi,Kolkata,Delhi-Hyderabad,5896.386202509248,116.03491933066884,0,Economy,3,12,17,8
IndiGo,Delhi,Bangalore,Mumbai-Kolkata,6463.885828236106,122.16836896152867,0,Economy,29,9,7,15
AirAsia,Delhi,Mumbai,Mumbai-Kolkata,5434.485945610121,74.99334415659192,2,Economy,22,6,4,3
AirAsia,Delhi,Bangalore,Delhi-Bangalore,6684.444527216569,96.63488871538696,0,Economy,8,11,6,11
IndiGo,Delhi,Mumbai,Mumbai-Chennai,7319.5847154591365,160.53218677239417,1,Economy,29,9,15,0
AirAsia,Delhi,Chennai,Mumbai-Chennai,6856.488447983349,146.58573565754386,1,Business,31,8,22,0
IndiGo,Delhi,Kolkata,Delhi-Mumbai,5416.318024154072,118.12081268018295,0,Economy,9,9,13,6
IndiGo,Mumbai,Mumbai,Delhi-Mumbai,6289.133853818483,127.29370375538679,0,Economy,30,10,4,17
GoAir,Delhi,Bangalore,Delhi-Hyderabad,4965.486764993082,111.17272483090628,1,Economy,22,4,23,22
SpiceJet,Delhi,Kolkata,Delhi-Bangalore,6457.912248940541,160.69750157483946,0,Economy,21,9,8,22
IndiGo,Delhi,Chennai,Delhi-Mumbai,6360.482730290031,113.98942266617509,1,Economy,12,7,3,14
Vistara,Delhi,Kolkata,Delhi-Mumbai,4504.146928374269,126.95526276404544,0,Economy,11,5,3,12
SpiceJet,Delhi,Mumbai,Delhi-Bangalore,5070.572924870109,154.38090432426196,0,Economy,2,5,15,15
SpiceJet,Delhi,Chennai,Delhi-Hyderabad,5773.488882604986,96.6788554546228,1,Business,18,1,23,6
SpiceJet,Delhi,Bangalore,Delhi-Mumbai,5759.312202287339,166.7636755349068,0,Economy,9,2,16,15
GoAir,Mumbai,Chennai,Delhi-Hyderabad,5032.418451664956,74.08615770769869,0,Business,2,10,14,12
IndiGo,Delhi,Chennai,Mumbai-Kolkata,6311.182983481747,168.88926393338397,0,Economy,2,3,3,13
GoAir,Mumbai,Hyderabad,Delhi-Hyderabad,6201.1788871524095,108.81973248144077,0,Economy,3,8,5,16
IndiGo,Delhi,Chennai,Mumbai-Chennai,5844.584694417184,112.71903756524155,0,Economy,16,6,15,11
GoAir,Mumbai,Chennai,Mumbai-Chennai,5395.36679987331,63.299694864511714,1,Economy,19,12,3,23
GoAir,Mumbai,Kolkata,Delhi-Hyderabad,6838.965701133251,106.35615847866922,0,Business,4,10,5,23
Vistara,Delhi,Bangalore,Mumbai-Chennai,7324.325690470636,88.80580406919347,0,Economy,23,11,4,19
GoAir,Delhi,Kolkata,Mumbai-Kolkata,5613.1508129227705,101.77060963879582,1,Economy,25,5,15,12
AirAsia,Delhi,Kolkata,Delhi-Bangalore,5510.266466276144,115.88067102633362,0,Economy,18,1,15,23
Vistara,Delhi,Mumbai,Mumbai-Chennai,6392.966132329597,148.73374843418716,0,Economy,20,12,9,19
GoAir,Mumbai,Kolkata,Mumbai-Chennai,5713.576496202411,126.22810054201878,2,Business,25,11,8,14
SpiceJet,Delhi,Hyderabad,Delhi-Hyderabad,5888.482239469413,129.23029960203343,1,Economy,30,12,3,23
AirAsia,Mumbai,Hyderabad,Mumbai-Kolkata,6591.722521379737,87.13441833463312,0,Economy,18,9,13,20
AirAsia,Mumbai,Mumbai,Delhi-Bangalore,4472.515129994165,93.5773773119181,1,Economy,10,3,3,3
AirAsia,Mumbai,Bangalore,Delhi-Hyderabad,7054.641859882136,173.96175055053934,0,Business,11,3,11,21
Vistara,Mumbai,Bangalore,Delhi-Hyderabad,6058.144419463473,97.9439689571026,1,Economy,29,2,23,1
GoAir,Mumbai,Kolkata,Mumbai-Kolkata,5670.805484350256,169.68624756171886,0,Economy,17,4,9,17
GoAir,Mumbai,Kolkata,Delhi-Bangalore,5928.612676622841,112.70816403357401,0,Economy,26,12,3,1
SpiceJet,Delhi,Kolkata,Mumbai-Kolkata,5969.943484016415,120.06863808430512,0,Economy,24,2,17,14
SpiceJet,Delhi,Bangalore,Delhi-Bangalore,4615.03895724406,152.1109548068979,0,Economy,25,9,12,18
AirAsia,Mumbai,Chennai,Mumbai-Kolkata,7195.950581962588,158.1567726581597,0,Economy,23,12,12,14
SpiceJet,Delhi,Hyderabad,Delhi-Hyderabad,6033.060505816495,116.67562319162738,2,Economy,24,10,13,19
Vistara,Mumbai,Chennai,Delhi-Hyderabad,6354.401704357901,108.35270839435384,0,Economy,20,7,17,9
GoAir,Delhi,Chennai,Delhi-Mumbai,6761.239816459234,118.32238654433361,0,Economy,16,8,0,23
AirAsia,Mumbai,Bangalore,Mumbai-Chennai,5183.07003395176,130.13872584696355,0,Economy,20,3,20,19
SpiceJet,Delhi,Chennai,Mumbai-Kolkata,6378.777519228182,146.73911060609265,0,Economy,13,6,15,10
Vistara,Mumbai,Mumbai,Delhi-Mumbai,5785.887127280965,120.12689576982454,1,Business,2,10,14,9
Vistara,Mumbai,Kolkata,Mumbai-Chennai,6677.416620173195,138.5665889406946,0,Business,24,6,21,22
SpiceJet,Delhi,Mumbai,Mumbai-Kolkata,4298.218063718804,169.15079196812823,0,Economy,31,1,4,4
GoAir,Delhi,Hyderabad,Delhi-Bangalore,5920.724559806985,131.43928836794353,0,Economy,27,6,5,8
SpiceJet,Delhi,Kolkata,Mumbai-Chennai,5517.74347537283,129.34958568014335,1,Economy,2,3,5,19
AirAsia,Mumbai,Chennai,Delhi-Hyderabad,6345.810360507325,74.43267524729796,0,Economy,25,11,2,18
SpiceJet,Delhi,Hyderabad,Delhi-Mumbai,6376.0353498945615,60.0,0,Economy,14,3,15,12
Vistara,Mumbai,Kolkata,Mumbai-Chennai,5433.899284142379,131.65127187690504,0,Economy,4,3,11,17
SpiceJet,Mumbai,Chennai,Mumbai-Chennai,5430.260908659165,117.15527306157384,0,Economy,17,10,3,16
GoAir,Delhi,Mumbai,Delhi-Hyderabad,5911.467705154137,104.55651975255775,0,Business,13,11,0,5
IndiGo,Delhi,Kolkata,Mumbai-Kolkata,5282.686218147834,127.30590612559034,1,Economy,4,11,3,9
SpiceJet,Delhi,Chennai,Delhi-Bangalore,6673.586956361702,118.18788812409275,1,Economy,3,10,0,1
GoAir,Mumbai,Mumbai,Delhi-Hyderabad,5704.634239642043,153.83340751901696,1,Economy,12,11,20,23
GoAir,Mumbai,Hyderabad,Delhi-Bangalore,3674.409424542687,122.58332604776933,0,Economy,22,8,7,5
Vistara,Delhi,Hyderabad,Mumbai-Kolkata,5700.142354702555,97.59230144789497,0,Economy,23,5,23,20
GoAir,Delhi,Hyderabad,Mumbai-Chennai,5169.164943324822,149.70498716877867,0,Economy,8,4,4,12
GoAir,Mumbai,Hyderabad,Delhi-Bangalore,4694.979347631243,113.48606775161393,2,Economy,2,9,1,17
GoAir,Delhi,Bangalore,Delhi-Mumbai,5010.058689421942,135.79610051016923,0,Economy,6,9,11,6
GoAir,Delhi,Kolkata,Delhi-Mumbai,6087.526777466376,105.67767881421598,1,Business,31,1,21,1
AirAsia,Mumbai,Kolkata,Delhi-Hyderabad,7062.912662598585,100.5051934350769,0,Economy,22,2,16,13
AirAsia,Mumbai,Bangalore,Mumbai-Kolkata,6250.547579091984,122.52504690557089,0,Economy,10,8,6,4
Vistara,Mumbai,Chennai,Delhi-Hyderabad,5514.797289427408,120.38485930631056,0,Economy,12,5,10,17
SpiceJet,Delhi,Chennai,Delhi-Hyderabad,6364.723356136562,134.394811061005,0,Economy,21,7,3,10
GoAir,Mumbai,Hyderabad,Delhi-Hyderabad,5632.727751824807,111.94062740070773,2,Economy,10,1,4,9
SpiceJet,Mumbai,Mumbai,Delhi-Mumbai,5444.319704669484,64.90920648688808,2,Economy,10,12,5,10
SpiceJet,Delhi,Chennai,Delhi-Mumbai,5076.509865413613,107.01678349234834,0,Business,23,10,10,1
Vistara,Delhi,Mumbai,Delhi-Hyderabad,4598.536954598625,143.81455401431447,0,Business,3,12,0,14
GoAir,Delhi,Kolkata,Delhi-Mumbai,5688.061034752443,111.0787176227068,2,Economy,20,5,9,6
GoAir,Mumbai,Mumbai,Mumbai-Kolkata,6126.442791936105,112.60849792456357,1,Business,10,11,19,8
IndiGo,Delhi,Kolkata,Delhi-Hyderabad,5922.701063988088,149.59129517717813,0,Economy,29,12,23,4
SpiceJet,Delhi,Bangalore,Delhi-Mumbai,5667.226457642113,98.64080318223232,0,Economy,9,3,20,6
SpiceJet,Delhi,Bangalore,Delhi-Bangalore,5243.403151442575,73.71590345271301,0,Economy,20,10,10,19
AirAsia,Delhi,Hyderabad,Delhi-Hyderabad,6486.596953347975,115.18106641423518,0,Economy,19,12,23,1
IndiGo,Mumbai,Chennai,Delhi-Hyderabad,4946.294464042732,105.47478146253789,0,Economy,14,12,16,2
AirAsia,Delhi,Hyderabad,Mumbai-Kolkata,6620.82233107478,91.01261040740238,0,Economy,2,2,7,1
AirAsia,Mumbai,Kolkata,Mumbai-Chennai,5198.22638485862,114.73864632303928,0,Economy,5,2,12,20
AirAsia,Mumbai,Hyderabad,Mumbai-Chennai,5398.051810117572,134.74516941740353,0,Economy,20,9,19,21
Vistara,Mumbai,Mumbai,Mumbai-Kolkata,4826.571847507458,119.72134315296553,0,Economy,29,4,17,22
Vistara,Mumbai,Kolkata,Mumbai-Kolkata,5598.878282491491,129.20943218058713,1,Business,29,4,21,18
AirAsia,Mumbai,Bangalore,Mumbai-Kolkata,6780.249966782383,174.4022309554627,1,Economy,8,7,15,3
IndiGo,Delhi,Chennai,Mumbai-Chennai,6412.502470755165,109.71363415327308,0,Economy,7,10,1,23
SpiceJet,Delhi,Kolkata,Mumbai-Kolkata,6782.737689622428,128.35045903934008,2,Economy,6,10,4,19
IndiGo,Mumbai,Kolkata,Delhi-Mumbai,6417.714036747148,104.72359912202596,2,Economy,11,2,17,6
GoAir,Delhi,Mumbai,Delhi-Hyderabad,5117.064137175705,94.60920840339081,0,Economy,12,3,2,21
Vistara,Mumbai,Chennai,Delhi-Hyderabad,5735.3686205379545,102.4527703974669,0,Economy,18,3,21,6
SpiceJet,Delhi,Bangalore,Delhi-Bangalore,5375.84069670603,105.63724285434934,1,Economy,19,6,16,16
SpiceJet,Delhi,Kolkata,Delhi-Bangalore,7064.459923231232,130.78427392641376,1,Economy,10,3,15,18
GoAir,Delhi,Kolkata,Delhi-Hyderabad,5042.56908285895,190.47227360102272,2,Economy,25,11,5,21
GoAir,Mumbai,Mumbai,Delhi-Mumbai,6714.958151511289,98.51869691172479,1,Economy,29,5,18,15
AirAsia,Delhi,Hyderabad,Mumbai-Chennai,6714.363096087015,107.50124083153612,1,Economy,25,4,6,2
Vistara,Delhi,Bangalore,Mumbai-Chennai,7463.69616137287,118.10630960666255,0,Economy,31,3,17,14
Vistara,Mumbai,Chennai,Delhi-Mumbai,5672.250725896402,131.8739654612924,0,Business,21,8,13,13
IndiGo,Delhi,Kolkata,Mumbai-Chennai,6569.85772766413,127.90652435864354,0,Economy,14,10,5,14
AirAsia,Mumbai,Kolkata,Mumbai-Kolkata,7825.321469231074,158.52287381844351,0,Economy,3,3,7,13
AirAsia,Mumbai,Bangalore,Delhi-Hyderabad,5505.886658453042,60.0,1,Economy,18,6,14,6
AirAsia,Delhi,Hyderabad,Delhi-Hyderabad,4771.967801974112,60.0,0,Economy,24,7,14,2
AirAsia,Delhi,Kolkata,Delhi-Mumbai,4495.991972873789,105.12365483969552,1,Business,15,7,14,16
Vistara,Mumbai,Bangalore,Mumbai-Chennai,6570.169623089065,152.91900562631128,0,Economy,6,2,15,9
Vistara,Mumbai,Mumbai,Delhi-Bangalore,4493.479833553133,73.03055905183211,0,Economy,10,3,0,14
AirAsia,Delhi,Hyderabad,Delhi-Bangalore,5702.144757649662,60.0,0,Economy,27,12,10,5
IndiGo,Delhi,Chennai,Mumbai-Chennai,6349.850549631168,137.13538218657627,0,Economy,12,10,4,16
SpiceJet,Delhi,Kolkata,Delhi-Bangalore,6148.1404294639315,127.30971671108144,1,Economy,7,10,4,16
SpiceJet,Delhi,Bangalore,Delhi-Mumbai,6340.355891347338,87.2937477960171,1,Economy,17,4,20,13
IndiGo,Mumbai,Mumbai,Delhi-Mumbai,6177.831884640683,90.4338119783721,2,Economy,1,7,5,23
AirAsia,Delhi,Chennai,Mumbai-Chennai,7023.092650650715,90.90768841095976,0,Economy,26,2,1,17
Vistara,Mumbai,Bangalore,Delhi-Bangalore,5238.146895408962,123.3160595242182,0,Economy,18,3,5,4
SpiceJet,Delhi,Bangalore,Delhi-Mumbai,5458.403889233175,101.21054171450979,0,Business,26,7,13,7
GoAir,Mumbai,Chennai,Delhi-Mumbai,5381.872443783341,134.8219175692656,0,Economy,15,7,10,6
GoAir,Delhi,Mumbai,Mumbai-Kolkata,6664.153449490088,60.0,1,Economy,19,10,3,22
IndiGo,Delhi,Mumbai,Mumbai-Kolkata,6720.318870716051,94.29444404616602,1,Economy,28,3,23,3
AirAsia,Delhi,Hyderabad,Delhi-Mumbai,6360.980255454807,86.21838117266849,1,Economy,1,12,8,17
SpiceJet,Delhi,Kolkata,Mumbai-Chennai,6946.794933511942,112.30977964882524,0,Economy,30,1,23,4
AirAsia,Delhi,Chennai,Delhi-Hyderabad,5057.567306098896,103.85856724529584,1,Economy,5,12,2,15
SpiceJet,Mumbai,Chennai,Delhi-Hyderabad,7333.779289240909,143.935313396873,0,Economy,15,3,15,13
IndiGo,Delhi,Chennai,Delhi-Mumbai,7218.590897369806,64.21989685019827,1,Economy,31,5,10,18
IndiGo,Delhi,Mumbai,Delhi-Mumbai,6588.497597796598,121.36474428992256,0,Economy,3,7,3,13
GoAir,Mumbai,Kolkata,Delhi-Mumbai,7425.439127016848,136.75009269635117,0,Business,1,4,0,8
AirAsia,Delhi,Hyderabad,Mumbai-Chennai,4674.701433857781,175.69942309685865,0,Economy,8,11,20,5
GoAir,Delhi,Bangalore,Mumbai-Kolkata,5580.441490989879,105.54702086719574,2,Economy,12,11,21,16
AirAsia,Mumbai,Bangalore,Delhi-Mumbai,5411.757231454438,129.73375813057552,0,Economy,27,1,15,18
GoAir,Delhi,Chennai,Delhi-Mumbai,6577.183459005874,65.88411622312906,0,Economy,22,6,18,11
Vistara,Delhi,Kolkata,Delhi-Bangalore,5159.887408318284,60.0,1,Economy,25,2,15,3
Vistara,Mumbai,Mumbai,Mumbai-Chennai,6605.996119469988,145.343231273451,0,Economy,19,12,10,15
Vistara,Delhi,Kolkata,Delhi-Mumbai,7096.428915197371,119.83319119055788,0,Economy,25,3,7,10
Vistara,Mumbai,Kolkata,Delhi-Bangalore,6556.162320067199,155.3553806939527,0,Economy,25,4,22,21
SpiceJet,Delhi,Mumbai,Delhi-Hyderabad,6227.000818929201,78.79791333090753,0,Economy,31,6,0,3
Vistara,Delhi,Chennai,Delhi-Mumbai,5209.701327279401,135.59706418586256,2,Economy,12,6,20,16
IndiGo,Delhi,Kolkata,Delhi-Mumbai,5322.519227099709,176.0645352163156,1,Economy,31,7,8,7
IndiGo,Mumbai,Bangalore,Delhi-Bangalore,6999.695124237333,132.59116825071797,0,Economy,13,5,11,13
SpiceJet,Mumbai,Mumbai,Mumbai-Chennai,6623.479203124266,128.29744516773147,2,Economy,28,7,21,1
Vistara,Delhi,Hyderabad,Delhi-Mumbai,5968.784384497964,120.2566824247305,0,Economy,1,2,7,10
Vistara,Mumbai,Chennai,Delhi-Hyderabad,5665.672363387288,72.87355628622264,0,Economy,19,1,16,10
Vistara,Delhi,Mumbai,Delhi-Mumbai,4379.353701510899,160.66718807131045,0,Economy,6,12,9,23
GoAir,Mumbai,Hyderabad,Delhi-Hyderabad,5143.318065052449,101.67427080584802,0,Economy,8,10,6,21
AirAsia,Delhi,Hyderabad,Mumbai-Kolkata,7529.135269711779,135.1344976914905,0,Economy,4,8,18,23
GoAir,Delhi,Kolkata,Mumbai-Kolkata,4975.635543198026,73.10897080286239,2,Economy,5,1,5,5
AirAsia,Delhi,Kolkata,Delhi-Hyderabad,6151.583856976865,84.61621006476659,1,Economy,25,12,20,20
Vistara,Mumbai,Kolkata,Mumbai-Chennai,6805.955178556159,163.05262197666707,0,Economy,22,2,23,20
Vistara,Delhi,Mumbai,Delhi-Mumbai,4996.061865598166,109.58093133126471,0,Economy,28,11,23,13
GoAir,Delhi,Mumbai,Delhi-Mumbai,6147.768379824866,163.59826428127633,1,Economy,7,12,18,9
GoAir,Delhi,Chennai,Mumbai-Kolkata,6750.332430008524,117.65308022824446,2,Economy,23,10,17,7
AirAsia,Mumbai,Kolkata,Delhi-Hyderabad,6009.999457525801,64.74306681126428,1,Economy,4,6,14,6
IndiGo,Mumbai,Hyderabad,Delhi-Mumbai,8294.722444533414,146.7620279919516,0,Economy,20,1,1,7
AirAsia,Mumbai,Bangalore,Delhi-Mumbai,4665.120592897444,102.30323046733177,1,Economy,4,10,13,7
GoAir,Delhi,Chennai,Mumbai-Chennai,6846.982823907103,140.9606644055113,0,Business,30,3,20,22
GoAir,Delhi,Mumbai,Delhi-Bangalore,5861.758610082828,120.75632602620246,0,Economy,15,7,9,1
SpiceJet,Mumbai,Chennai,Mumbai-Kolkata,6617.53612386934,73.7064531617139,0,Economy,27,12,15,15
GoAir,Mumbai,Chennai,Mumbai-Kolkata,6353.045721359396,124.92884296111707,0,Economy,21,8,6,8
SpiceJet,Delhi,Chennai,Delhi-Bangalore,5413.475042312003,185.88669426458398,0,Economy,5,4,7,12
IndiGo,Mumbai,Chennai,Delhi-Mumbai,6183.197113967472,134.78959375543377,0,Economy,24,12,9,22
AirAsia,Delhi,Bangalore,Mumbai-Chennai,4513.67883888137,118.2744674098361,0,Economy,9,3,14,11
AirAsia,Delhi,Kolkata,Mumbai-Chennai,6482.598000457115,152.26030205870694,1,Economy,2,1,7,21
SpiceJet,Mumbai,Hyderabad,Mumbai-Kolkata,6238.52677279242,126.32005395609332,0,Economy,27,12,12,16
AirAsia,Delhi,Chennai,Mumbai-Chennai,6510.928134914482,126.28602690788382,0,Economy,7,9,11,1
GoAir,Delhi,Chennai,Delhi-Bangalore,6846.49466006972,87.25124483522693,0,Economy,17,10,7,12
Vistara,Delhi,Chennai,Delhi-Mumbai,6294.095872167769,127.01544077368796,2,Economy,16,6,14,0
SpiceJet,Mumbai,Kolkata,Delhi-Bangalore,6118.471535838621,151.06330249250834,0,Economy,17,6,11,18
AirAsia,Mumbai,Mumbai,Delhi-Hyderabad,5295.145330670966,94.91813543699925,0,Economy,20,9,10,10
SpiceJet,Mumbai,Mumbai,Mumbai-Kolkata,5430.223389080759,162.73487463740844,0,Economy,26,1,18,4
SpiceJet,Mumbai,Bangalore,Mumbai-Chennai,6949.387696141865,117.24881927564623,1,Economy,23,6,13,0
Vistara,Delhi,Mumbai,Delhi-Hyderabad,7149.068324564782,93.36691465384378,2,Economy,2,12,17,19
GoAir,Mumbai,Chennai,Mumbai-Chennai,5809.511650950357,149.92896230760732,0,Economy,11,5,12,12
SpiceJet,Delhi,Chennai,Delhi-Mumbai,6036.802197802619,111.39617292785192,0,Economy,2,11,3,7
AirAsia,Delhi,Chennai,Delhi-Mumbai,5276.308500004987,142.78544662458324,2,Business,1,6,16,5
IndiGo,Delhi,Bangalore,Delhi-Mumbai,6938.205476213956,111.24724103224389,0,Business,26,11,18,16
SpiceJet,Delhi,Chennai,Mumbai-Chennai,6532.333458953423,118.20521569410289,1,Economy,2,8,8,11
SpiceJet,Mumbai,Mumbai,Delhi-Hyderabad,7552.973949171,134.80680613002875,0,Economy,29,5,22,0
Vistara,Delhi,Kolkata,Delhi-Mumbai,5297.341538256209,128.72691172770018,0,Economy,31,2,6,2
GoAir,Delhi,Kolkata,Delhi-Hyderabad,5697.593680785426,60.134046586447845,0,Economy,23,12,0,13
IndiGo,Delhi,Hyderabad,Mumbai-Chennai,6185.156738020458,86.36268779716823,0,Economy,9,12,6,7
AirAsia,Mumbai,Mumbai,Delhi-Hyderabad,6517.191630180616,147.88229954372446,1,Economy,22,2,6,10
IndiGo,Delhi,Chennai,Mumbai-Chennai,5827.465889961894,116.03590233295358,2,Business,26,10,19,13
AirAsia,Delhi,Kolkata,Mumbai-Chennai,5301.63112763704,104.28806091685735,0,Economy,2,5,6,7
GoAir,Mumbai,Mumbai,Mumbai-Kolkata,6705.126023138857,79.24277954227577,1,Economy,28,3,7,2
AirAsia,Delhi,Kolkata,Mumbai-Chennai,6576.908290036466,87.60791036172455,0,Economy,15,10,15,6
Vistara,Delhi,Chennai,Mumbai-Chennai,5266.98071954902,60.0,0,Economy,10,3,2,18
Vistara,Delhi,Kolkata,Delhi-Bangalore,7084.354240884397,116.961578438954,0,Economy,15,8,12,3
Vistara,Mumbai,Hyderabad,Delhi-Mumbai,6936.158967357283,102.0468725825686,2,Economy,10,7,9,15
Vistara,Mumbai,Hyderabad,Mumbai-Kolkata,6107.437197798235,91.00236327044054,1,Economy,29,1,17,12
IndiGo,Delhi,Kolkata,Mumbai-Kolkata,6063.678289900829,117.9562972449614,1,Economy,25,12,6,19
GoAir,Mumbai,Mumbai,Mumbai-Kolkata,6443.246216892726,130.91911892558215,1,Economy,23,12,20,18
AirAsia,Delhi,Mumbai,Delhi-Bangalore,5310.637543794994,182.79593796629834,1,Business,27,5,20,4
AirAsia,Delhi,Mumbai,Mumbai-Chennai,6024.025183331266,74.64349741310359,2,Economy,17,9,4,22
Vistara,Mumbai,Kolkata,Delhi-Mumbai,4278.093164312656,154.78143129901565,1,Economy,28,4,22,4
Vistara,Mumbai,Mumbai,Delhi-Hyderabad,6701.164516402348,149.19304683045215,2,Economy,9,1,23,19
SpiceJet,Delhi,Chennai,Mumbai-Chennai,4750.805422046513,96.62721781869898,0,Economy,18,8,21,23
GoAir,Delhi,Hyderabad,Delhi-Bangalore,7202.7358627431995,126.09707863758094,0,Economy,4,5,6,3
IndiGo,Delhi,Chennai,Mumbai-Chennai,5735.90392482684,106.27100251987154,0,Business,9,2,21,1
AirAsia,Delhi,Mumbai,Mumbai-Chennai,5830.666414455059,125.57065741256217,0,Economy,16,12,16,12
SpiceJet,Delhi,Chennai,Delhi-Bangalore,5497.812875132396,165.27393040213653,0,Economy,4,1,3,15
SpiceJet,Mumbai,Mumbai,Mumbai-Kolkata,5769.5689008623385,138.1681869789394,0,Economy,16,12,23,21
AirAsia,Delhi,Kolkata,Mumbai-Kolkata,7134.825076118429,135.25825119700326,1,Economy,19,12,22,1
IndiGo,Mumbai,Chennai,Delhi-Mumbai,4009.7530747719366,107.09072040136073,0,Economy,1,12,15,18
SpiceJet,Mumbai,Kolkata,Delhi-Mumbai,7021.57230887055,75.47830005226994,0,Economy,23,3,18,16
SpiceJet,Delhi,Kolkata,Mumbai-Kolkata,6270.418784881366,113.74595368378776,0,Economy,31,9,9,4
GoAir,Mumbai,Bangalore,Delhi-Hyderabad,5034.382681714227,156.19824464591744,2,Economy,6,1,2,17
IndiGo,Delhi,Mumbai,Mumbai-Chennai,5139.7500855606095,74.18496430231058,0,Business,10,4,2,22
SpiceJet,Delhi,Hyderabad,Delhi-Hyderabad,7341.114421766562,88.34731895469915,0,Economy,16,8,16,20
IndiGo,Mumbai,Mumbai,Mumbai-Chennai,5243.594496045815,123.78803208702205,1,Economy,4,8,9,17
AirAsia,Delhi,Hyderabad,Mumbai-Kolkata,5077.319591523233,90.46035645458213,1,Economy,22,10,16,7
Vistara,Delhi,Mumbai,Delhi-Mumbai,6909.851633891783,96.22429658654362,0,Economy,22,12,21,14
SpiceJet,Delhi,Kolkata,Delhi-Mumbai,6270.8423010287315,107.29204254815468,0,Economy,13,11,16,12
GoAir,Delhi,Chennai,Delhi-Hyderabad,5249.659538770881,79.03147787429552,0,Economy,16,11,20,12
AirAsia,Delhi,Chennai,Delhi-Mumbai,6173.299980323695,90.77634461350895,2,Business,20,8,3,15
IndiGo,Delhi,Bangalore,Mumbai-Kolkata,5179.3978530877785,141.10283750361927,0,Economy,30,10,20,21
AirAsia,Delhi,Hyderabad,Delhi-Hyderabad,6880.657118738084,80.77890653307108,0,Economy,29,8,22,19
SpiceJet,Delhi,Hyderabad,Mumbai-Chennai,6849.096771898507,72.06383596515487,0,Business,6,4,5,12
IndiGo,Mumbai,Hyderabad,Delhi-Mumbai,6425.604959057555,101.09925061398317,0,Economy,26,8,11,19
Vistara,Delhi,Kolkata,Delhi-Bangalore,6289.328848997613,141.9586650752954,1,Economy,11,9,21,1
AirAsia,Delhi,Hyderabad,Delhi-Mumbai,7408.950499893899,114.09234576009331,0,Economy,24,7,19,2
SpiceJet,Delhi,Chennai,Mumbai-Chennai,5999.74906191058,106.06256765653144,0,Economy,29,12,16,14
GoAir,Delhi,Kolkata,Delhi-Hyderabad,5054.500699663359,121.3307639254682,0,Economy,3,2,16,22
IndiGo,Delhi,Mumbai,Mumbai-Chennai,6359.579130265845,67.62877701421044,0,Economy,20,9,9,18
AirAsia,Delhi,Hyderabad,Delhi-Bangalore,7668.837639629691,134.84116961325097,0,Economy,10,11,6,12
AirAsia,Mumbai,Hyderabad,Mumbai-Kolkata,5188.192405451318,131.50305094210933,1,Business,29,8,15,4
Vistara,Mumbai,Mumbai,Delhi-Mumbai,5710.829786644811,107.72074577712836,1,Economy,28,5,12,21
Vistara,Delhi,Hyderabad,Delhi-Hyderabad,6333.156830481162,150.1777353538925,2,Economy,30,12,2,5
GoAir,Mumbai,Mumbai,Mumbai-Kolkata,5956.8761207954085,86.17511703140885,1,Economy,31,3,1,13
GoAir,Delhi,Kolkata,Mumbai-Chennai,5214.1571356981485,153.8372697976071,1,Business,1,7,15,3
SpiceJet,Delhi,Chennai,Delhi-Hyderabad,6897.486284984377,124.63480996785754,0,Economy,20,2,5,21
SpiceJet,Mumbai,Mumbai,Mumbai-Kolkata,7856.032577613808,109.90342230365479,1,Business,11,3,5,18
GoAir,Delhi,Bangalore,Delhi-Hyderabad,6156.905167219126,119.40379093895065,1,Economy,26,12,12,22
GoAir,Delhi,Mumbai,Delhi-Bangalore,5276.745368211199,116.78205702567175,1,Economy,26,9,6,6
IndiGo,Delhi,Hyderabad,Delhi-Bangalore,4760.83157995722,156.60848689253152,0,Economy,12,4,4,3
Vistara,Delhi,Kolkata,Delhi-Mumbai,6206.380784976945,87.69962617586958,0,Economy,14,4,23,1
SpiceJet,Mumbai,Kolkata,Delhi-Mumbai,6883.101874653006,97.12442282560205,1,Economy,25,3,6,6
Vistara,Delhi,Mumbai,Delhi-Bangalore,6380.134197196306,151.0890867621744,1,Economy,8,5,1,2
Vistara,Delhi,Chennai,Delhi-Hyderabad,5998.076927264917,102.13395194448422,2,Economy,11,3,16,14
GoAir,Delhi,Bangalore,Delhi-Bangalore,5528.582678568555,147.01599231994774,0,Economy,4,9,12,0
IndiGo,Delhi,Kolkata,Delhi-Mumbai,5126.269093825528,170.98307949026128,0,Economy,28,3,20,1
AirAsia,Delhi,Hyderabad,Delhi-Bangalore,6667.801061059906,107.94614919175099,0,Economy,7,2,20,9
IndiGo,Delhi,Hyderabad,Delhi-Bangalore,6731.0172971084685,140.44086979725915,1,Economy,10,12,15,15
IndiGo,Delhi,Chennai,Delhi-Hyderabad,4763.416170647413,85.38923155980424,0,Economy,19,5,19,14
Vistara,Delhi,Kolkata,Mumbai-Kolkata,7271.871182544547,142.64199894203426,0,Economy,25,6,1,23
IndiGo,Delhi,Mumbai,Delhi-Mumbai,6459.256976715201,125.98271957960301,2,Economy,26,1,4,14
SpiceJet,Delhi,Hyderabad,Delhi-Hyderabad,7119.675716116635,134.19114846480645,0,Economy,4,12,17,13
Vistara,Delhi,Chennai,Delhi-Bangalore,4926.297801211908,100.63283783893814,1,Economy,2,11,6,21
SpiceJet,Mumbai,Kolkata,Delhi-Bangalore,4907.340675667649,70.16749753298483,0,Economy,26,6,10,13
AirAsia,Mumbai,Kolkata,Mumbai-Kolkata,5880.824552186163,135.09756194248516,1,Economy,21,10,10,5
Vistara,Delhi,Kolkata,Delhi-Mumbai,6402.227541516156,60.0,0,Economy,18,3,21,13
AirAsia,Delhi,Kolkata,Delhi-Mumbai,7437.088658341571,110.47948523272396,2,Economy,14,4,16,16
Vistara,Mumbai,Kolkata,Mumbai-Chennai,6564.863131052105,148.2354559925991,2,Economy,26,6,15,17
GoAir,Mumbai,Hyderabad,Delhi-Mumbai,5805.854978550374,125.75693207619108,0,Economy,16,8,12,19
IndiGo,Delhi,Chennai,Mumbai-Kolkata,5178.904633867286,178.45027934369438,0,Economy,22,9,21,18
GoAir,Delhi,Kolkata,Mumbai-Chennai,6984.00045817532,150.7532745774532,0,Economy,11,6,4,16
AirAsia,Delhi,Bangalore,Mumbai-Chennai,5228.235659399428,100.38304835023271,1,Economy,10,7,19,15
IndiGo,Delhi,Bangalore,Delhi-Bangalore,7302.774843817858,120.81940139554317,1,Economy,17,5,15,7
Vistara,Mumbai,Chennai,Delhi-Bangalore,5772.492280314793,118.57887892366692,0,Economy,14,12,21,6
IndiGo,Delhi,Mumbai,Delhi-Mumbai,7272.46565809428,72.53469709961618,1,Economy,22,9,21,19
SpiceJet,Mumbai,Mumbai,Mumbai-Chennai,6543.145032047422,91.7880325054694,0,Economy,4,4,15,11
IndiGo,Delhi,Mumbai,Delhi-Bangalore,5890.403608446033,103.17717279060419,1,Economy,19,10,15,8
SpiceJet,Delhi,Bangalore,Mumbai-Kolkata,5584.482902539099,60.0,2,Economy,2,11,13,13
IndiGo,Delhi,Mumbai,Delhi-Bangalore,5727.2736981231365,121.42480404754929,0,Business,7,6,5,19
SpiceJet,Delhi,Hyderabad,Delhi-Bangalore,6342.65335390019,112.52784466040877,0,Economy,9,5,1,0
AirAsia,Mumbai,Kolkata,Mumbai-Chennai,6061.725196974174,69.81318296065277,0,Economy,28,1,13,9
GoAir,Delhi,Bangalore,Mumbai-Chennai,5524.950873545036,132.12638595831996,0,Economy,19,5,15,16
Vistara,Delhi,Chennai,Delhi-Hyderabad,5867.494871745894,141.47618234072877,0,Economy,16,5,22,16
IndiGo,Mumbai,Chennai,Mumbai-Kolkata,6062.8616237753195,126.81103436594667,0,Economy,22,9,19,16
GoAir,Mumbai,Kolkata,Mumbai-Chennai,4297.012724468151,110.27795474373089,0,Economy,25,1,12,3
Vistara,Delhi,Bangalore,Delhi-Mumbai,6366.534491830959,137.74326455255564,0,Business,16,5,14,16
Vistara,Delhi,Mumbai,Mumbai-Kolkata,5216.223020226555,140.40661081430073,0,Economy,18,7,11,17
SpiceJet,Delhi,Mumbai,Mumbai-Kolkata,5077.334077435404,129.22210709159066,0,Economy,23,11,8,19
AirAsia,Delhi,Hyderabad,Mumbai-Chennai,4650.124522311432,95.26163248695717,0,Economy,21,6,17,22
AirAsia,Delhi,Hyderabad,Mumbai-Kolkata,4564.886001705688,128.2980229653354,1,Economy,21,6,20,1
GoAir,Mumbai,Mumbai,Mumbai-Chennai,4915.641997510169,155.86441952476437,1,Economy,11,12,13,7
AirAsia,Mumbai,Chennai,Delhi-Bangalore,5432.783233895608,102.1011282416481,0,Economy,7,7,19,12
IndiGo,Delhi,Chennai,Delhi-Hyderabad,7562.607310021254,182.93818017397294,0,Economy,9,6,3,22
AirAsia,Mumbai,Hyderabad,Delhi-Bangalore,5579.296259283837,104.23107198043847,1,Economy,4,5,7,21
GoAir,Mumbai,Kolkata,Mumbai-Chennai,6142.200085014425,120.97221040020409,2,Economy,25,10,7,19
AirAsia,Delhi,Mumbai,Mumbai-Chennai,6320.385109205063,99.82543211980992,0,Economy,31,5,21,21
IndiGo,Delhi,Hyderabad,Delhi-Bangalore,6104.852148972679,126.69812507760783,0,Economy,30,9,21,14
SpiceJet,Delhi,Hyderabad,Delhi-Mumbai,5938.045231419205,67.73334922094175,0,Economy,13,8,15,19
GoAir,Mumbai,Mumbai,Delhi-Mumbai,5043.764989120605,103.61874603549836,0,Economy,27,12,23,22
SpiceJet,Delhi,Mumbai,Delhi-Mumbai,7160.74203862337,87.23636398954298,0,Economy,26,10,9,8
SpiceJet,Delhi,Chennai,Mumbai-Chennai,7445.757314910308,124.06015043676872,0,Business,25,4,20,2
SpiceJet,Delhi,Kolkata,Mumbai-Kolkata,4653.8730447018515,149.83342126526722,1,Business,29,4,16,2
Vistara,Mumbai,Kolkata,Mumbai-Chennai,5180.777127290897,139.38018561343654,0,Economy,4,10,0,1
Vistara,Delhi,Mumbai,Mumbai-Kolkata,5776.151726098395,60.0,0,Economy,19,5,17,0
SpiceJet,Delhi,Bangalore,Delhi-Bangalore,5228.3697640718465,181.2620895878364,0,Economy,2,3,9,13
GoAir,Delhi,Hyderabad,Delhi-Hyderabad,6404.772442764693,128.85839821862606,0,Economy,9,8,20,16
IndiGo,Delhi,Hyderabad,Mumbai-Kolkata,5417.38223807471,96.70502578521,0,Economy,12,7,3,12
IndiGo,Mumbai,Mumbai,Delhi-Mumbai,7732.044854245282,124.71383756972821,0,Economy,2,5,0,18
AirAsia,Delhi,Bangalore,Mumbai-Chennai,6952.438875474877,125.28569467508076,1,Economy,6,10,3,22
GoAir,Delhi,Chennai,Delhi-Bangalore,6170.059224505772,99.99453849145308,0,Economy,5,3,3,14
Vistara,Delhi,Mumbai,Delhi-Mumbai,6821.589010655785,125.93750002026226,1,Economy,30,5,3,13
SpiceJet,Mumbai,Mumbai,Delhi-Bangalore,6884.720339485847,101.77583137139078,2,Economy,5,3,16,1
AirAsia,Mumbai,Hyderabad,Delhi-Hyderabad,5548.842009553406,107.86914021929931,0,Economy,20,10,8,6
IndiGo,Mumbai,Mumbai,Mumbai-Chennai,5347.026204366428,99.41162592734747,0,Business,22,5,18,16
Vistara,Delhi,Mumbai,Mumbai-Chennai,6062.514450375718,77.01986130781042,0,Economy,5,1,12,17
Vistara,Mumbai,Mumbai,Delhi-Hyderabad,6689.308899598355,124.37509410646152,1,Economy,27,6,3,5
SpiceJet,Mumbai,Hyderabad,Mumbai-Chennai,6111.248318922734,137.55898309549013,2,Economy,4,10,4,20
IndiGo,Mumbai,Chennai,Mumbai-Kolkata,4738.4028142472025,135.44650788229117,1,Economy,29,4,12,7
GoAir,Delhi,Chennai,Delhi-Bangalore,5357.740444839326,144.59775757905703,0,Economy,9,4,22,1
Vistara,Delhi,Mumbai,Delhi-Mumbai,5940.821709124498,129.73020630044604,1,Economy,29,8,15,0
SpiceJet,Mumbai,Hyderabad,Delhi-Hyderabad,5939.4675165393355,104.0182350534929,0,Economy,22,2,21,15
GoAir,Delhi,Chennai,Mumbai-Kolkata,7578.0337414318465,145.18991593293566,0,Economy,27,4,4,6
IndiGo,Mumbai,Chennai,Delhi-Mumbai,4891.209646080802,79.27447380474194,0,Economy,10,2,7,21
Vistara,Delhi,Chennai,Delhi-Mumbai,6404.4713934687,92.9798585246256,0,Economy,16,1,15,23
GoAir,Mumbai,Hyderabad,Delhi-Hyderabad,7191.290486662631,91.07399785730266,1,Economy,10,10,0,10
GoAir,Mumbai,Hyderabad,Mumbai-Kolkata,7817.159796338236,152.4016817741793,0,Economy,29,3,22,14
GoAir,Mumbai,Mumbai,Delhi-Mumbai,5676.482061452831,148.28365542420227,0,Economy,10,12,5,12
Vistara,Mumbai,Kolkata,Delhi-Mumbai,6393.143562176159,134.61915711134984,0,Economy,29,8,10,23
Vistara,Delhi,Chennai,Mumbai-Kolkata,6455.808285758917,152.1578959563539,1,Business,19,6,15,1
AirAsia,Delhi,Kolkata,Mumbai-Chennai,6156.385385242633,93.62151652764035,1,Economy,10,12,4,13
IndiGo,Mumbai,Hyderabad,Delhi-Mumbai,5920.923839008555,130.45785359582942,0,Business,6,7,15,23
SpiceJet,Delhi,Hyderabad,Delhi-Bangalore,6348.780311600037,116.24476714850508,0,Economy,30,2,6,5
GoAir,Delhi,Hyderabad,Mumbai-Kolkata,3974.2031318242516,145.40646311654743,0,Economy,17,6,18,8
AirAsia,Mumbai,Kolkata,Delhi-Mumbai,6545.655592050105,116.54327302343407,2,Business,5,8,0,6
SpiceJet,Delhi,Hyderabad,Delhi-Hyderabad,6100.9423229295735,108.45171334769756,0,Economy,26,8,8,17
AirAsia,Mumbai,Mumbai,Delhi-Bangalore,5822.020082577387,136.2272555568297,0,Economy,6,4,17,23
Vistara,Mumbai,Hyderabad,Delhi-Mumbai,7637.489756575646,146.285075015737,0,Economy,31,6,12,8
GoAir,Delhi,Bangalore,Delhi-Bangalore,5460.052784967558,99.94964415459594,0,Economy,27,5,14,22
SpiceJet,Mumbai,Kolkata,Delhi-Bangalore,5677.539208747975,118.16772985942872,1,Business,24,9,2,3
SpiceJet,Mumbai,Bangalore,Mumbai-Chennai,7593.242641763787,88.24678099075042,0,Economy,27,8,23,8
SpiceJet,Delhi,Hyderabad,Delhi-Bangalore,5334.3509561201145,60.0,0,Economy,31,2,9,3
SpiceJet,Mumbai,Mumbai,Mumbai-Chennai,5559.907773650769,126.01378894241186,0,Economy,15,12,8,11
SpiceJet,Delhi,Chennai,Mumbai-Kolkata,5882.37966125532,138.26716068763895,0,Economy,25,7,12,3
AirAsia,Delhi,Hyderabad,Mumbai-Chennai,6672.587585703639,127.86200427260177,2,Economy,27,7,15,23
GoAir,Delhi,Mumbai,Delhi-Hyderabad,6166.242005882651,61.513148467368985,0,Economy,19,11,2,19
Vistara,Delhi,Kolkata,Delhi-Mumbai,4965.89972227819,109.47451709770576,1,Economy,18,12,21,13
Vistara,Mumbai,Bangalore,Mumbai-Kolkata,5574.265149498248,60.0,1,Economy,29,1,22,23
Vistara,Delhi,Bangalore,Mumbai-Kolkata,5514.116453430231,161.09103322962554,0,Business,4,1,14,23
Vistara,Delhi,Bangalore,Delhi-Hyderabad,5938.2231638215635,87.41836253645741,0,Economy,8,12,16,6
AirAsia,Mumbai,Kolkata,Mumbai-Chennai,6340.674926903864,157.6621082837969,0,Economy,27,4,13,12
IndiGo,Mumbai,Mumbai,Delhi-Mumbai,6334.564604710377,148.37608931052438,1,Economy,16,5,6,21
GoAir,Delhi,Kolkata,Mumbai-Chennai,4579.190596761278,92.98228942391815,0,Economy,24,4,19,7
SpiceJet,Delhi,Bangalore,Delhi-Bangalore,6851.152790048684,86.01645146196765,0,Economy,19,7,15,22
IndiGo,Delhi,Hyderabad,Mumbai-Chennai,6202.055076797299,130.51110649159014,0,Business,20,3,20,4
Vistara,Delhi,Chennai,Mumbai-Kolkata,7107.625638075125,94.67027888450787,1,Economy,3,7,7,11
IndiGo,Delhi,Kolkata,Delhi-Mumbai,6355.358661832537,123.07453926474622,0,Business,10,8,3,12
GoAir,Delhi,Kolkata,Mumbai-Chennai,6881.058366188609,105.51517227579245,0,Economy,2,6,19,19
SpiceJet,Mumbai,Mumbai,Delhi-Mumbai,6373.236249160102,66.565247566031,0,Economy,4,6,23,13
SpiceJet,Mumbai,Mumbai,Delhi-Mumbai,7076.980604962198,60.0,0,Economy,6,8,14,17
GoAir,Mumbai,Kolkata,Delhi-Bangalore,6417.800508814223,126.80052745483792,1,Economy,11,8,4,23
GoAir,Delhi,Bangalore,Delhi-Bangalore,5921.667802845676,103.15326761008124,0,Economy,14,7,12,19
Vistara,Mumbai,Chennai,Mumbai-Kolkata,7817.947776357505,103.40730549257603,1,Business,16,6,5,3
SpiceJet,Delhi,Mumbai,Delhi-Hyderabad,6711.229697823914,140.87591517281356,1,Economy,27,6,4,20
IndiGo,Delhi,Bangalore,Delhi-Mumbai,6458.995536803531,155.20326829897334,0,Business,21,10,16,17
AirAsia,Mumbai,Hyderabad,Delhi-Hyderabad,4978.956466769331,111.82365835914572,1,Economy,19,11,6,6
AirAsia,Delhi,Mumbai,Mumbai-Kolkata,4969.35390602917,109.78203879270416,0,Economy,2,6,5,14
GoAir,Delhi,Bangalore,Delhi-Mumbai,6234.172385713483,135.00429099341653,0,Economy,25,8,1,20
Vistara,Mumbai,Bangalore,Delhi-Mumbai,6116.416958214592,79.29193290901274,1,Economy,31,1,10,5
AirAsia,Delhi,Chennai,Delhi-Hyderabad,5508.701947993347,126.69459164243091,0,Business,17,5,6,15
SpiceJet,Delhi,Chennai,Mumbai-Chennai,6112.786159689648,136.55657915466463,1,Economy,9,3,21,19
GoAir,Delhi,Hyderabad,Delhi-Bangalore,7270.901542434876,140.40690625252887,0,Economy,17,12,20,23
IndiGo,Delhi,Bangalore,Mumbai-Chennai,6556.321979640239,61.89741892492605,2,Economy,15,8,7,7
GoAir,Delhi,Bangalore,Delhi-Hyderabad,5087.193192197809,97.15934190573178,0,Economy,30,11,4,20
IndiGo,Delhi,Chennai,Delhi-Bangalore,5910.792938285645,93.652102415296,0,Economy,7,6,17,15
GoAir,Delhi,Mumbai,Mumbai-Chennai,5356.026815317951,122.99660863227639,0,Economy,22,2,21,21
GoAir,Delhi,Mumbai,Delhi-Bangalore,5689.840066873151,134.42233739303953,1,Economy,23,7,15,15
GoAir,Delhi,Kolkata,Delhi-Mumbai,5669.107467496286,164.90131222337945,1,Economy,31,7,13,2
IndiGo,Delhi,Chennai,Mumbai-Chennai,5617.883533916796,105.1510355889578,0,Economy,19,5,11,16
IndiGo,Mumbai,Kolkata,Delhi-Bangalore,4995.891702421284,105.07282505072358,1,Economy,30,8,16,8
GoAir,Delhi,Chennai,Delhi-Bangalore,5897.876254785448,154.49016056636242,0,Economy,3,5,4,2
AirAsia,Mumbai,Hyderabad,Delhi-Bangalore,5551.513890522152,128.89730815590914,0,Economy,29,1,13,19
Vistara,Delhi,Bangalore,Mumbai-Chennai,3656.4410479981857,158.02954533563923,1,Economy,27,9,5,6
Vistara,Mumbai,Hyderabad,Mumbai-Kolkata,7642.3776196013305,128.6618400902951,1,Economy,1,4,14,17
Vistara,Mumbai,Chennai,Mumbai-Chennai,6871.015723373338,85.28650143860187,1,Economy,4,2,6,11
IndiGo,Mumbai,Bangalore,Delhi-Hyderabad,5698.959420060003,80.0061493566658,1,Economy,28,4,13,18
IndiGo,Delhi,Mumbai,Mumbai-Chennai,6015.0552397924785,73.45463252823212,0,Economy,18,9,17,15
AirAsia,Delhi,Mumbai,Delhi-Bangalore,5062.676522145951,139.8615550427542,1,Economy,26,2,0,21
Vistara,Delhi,Kolkata,Delhi-Mumbai,7356.578302248692,155.65790469261023,0,Economy,8,4,5,23
Vistara,Mumbai,Chennai,Mumbai-Chennai,7517.830955818489,175.48086424159143,0,Economy,19,2,2,16
GoAir,Mumbai,Chennai,Mumbai-Chennai,6125.3549825972195,145.2931599696972,0,Economy,23,5,4,19
IndiGo,Delhi,Mumbai,Delhi-Bangalore,6818.824515348276,154.88515732604958,0,Economy,23,3,11,14
Vistara,Delhi,Hyderabad,Delhi-Mumbai,6140.229423147139,102.59951002038946,0,Economy,28,10,10,0
AirAsia,Delhi,Bangalore,Delhi-Mumbai,4930.6196488992555,85.3075254976843,0,Economy,25,2,12,1
AirAsia,Delhi,Hyderabad,Delhi-Hyderabad,5670.541304829074,145.5023799725266,0,Economy,6,9,15,7
Vistara,Delhi,Hyderabad,Mumbai-Chennai,6105.542373417566,132.53042256718203,0,Economy,1,5,17,21
IndiGo,Mumbai,Mumbai,Delhi-Mumbai,5636.361825005245,123.22333123022678,0,Economy,8,10,16,1
AirAsia,Mumbai,Mumbai,Delhi-Mumbai,5825.077378051971,131.6211444189897,0,Economy,1,5,16,18
GoAir,Delhi,Mumbai,Mumbai-Kolkata,5926.880353992708,129.69556447374617,0,Economy,19,1,10,8
AirAsia,Delhi,Kolkata,Mumbai-Kolkata,5935.297201707631,158.51450579560685,1,Economy,11,6,19,8
SpiceJet,Delhi,Hyderabad,Delhi-Mumbai,6041.806792397987,158.8495675445087,1,Economy,21,7,9,12
SpiceJet,Delhi,Chennai,Delhi-Hyderabad,5151.51594688272,136.32661057021042,1,Economy,24,1,15,5
IndiGo,Delhi,Bangalore,Delhi-Mumbai,5426.387080697651,145.37408617688786,0,Economy,25,9,1,14
Vistara,Mumbai,Kolkata,Delhi-Bangalore,4972.332587440024,135.4218765727433,1,Economy,15,8,16,18
